date,min-max,average_price
04 ม.ค. 2564,18 - 20,19.00 
05 ม.ค. 2564,15 - 18,16.50 
06 ม.ค. 2564,15 - 18,16.50 
07 ม.ค. 2564,15 - 18,16.50 
08 ม.ค. 2564,15 - 16,15.50 
11 ม.ค. 2564,15 - 16,15.50 
12 ม.ค. 2564,15 - 16,15.50 
13 ม.ค. 2564,15 - 16,15.50 
14 ม.ค. 2564,15 - 16,15.50 
15 ม.ค. 2564,15 - 16,15.50 
18 ม.ค. 2564,15 - 16,15.50 
19 ม.ค. 2564,15 - 16,15.50 
20 ม.ค. 2564,15 - 16,15.50 
21 ม.ค. 2564,15 - 16,15.50 
22 ม.ค. 2564,15 - 16,15.50 
25 ม.ค. 2564,15 - 16,15.50 
26 ม.ค. 2564,15 - 16,15.50 
27 ม.ค. 2564,15 - 16,15.50 
28 ม.ค. 2564,15 - 16,15.50 
29 ม.ค. 2564,15 - 16,15.50 
01 ก.พ. 2564,12 - 15,13.50 
02 ก.พ. 2564,12 - 15,13.50 
03 ก.พ. 2564,12 - 15,13.50 
04 ก.พ. 2564,12 - 15,13.50 
05 ก.พ. 2564,12 - 15,13.50 
08 ก.พ. 2564,12 - 15,13.50 
09 ก.พ. 2564,12 - 15,13.50 
10 ก.พ. 2564,12 - 15,13.50 
11 ก.พ. 2564,12 - 15,13.50 
15 ก.พ. 2564,12 - 15,13.50 
16 ก.พ. 2564,12 - 15,13.50 
17 ก.พ. 2564,12 - 15,13.50 
18 ก.พ. 2564,12 - 15,13.50 
19 ก.พ. 2564,12 - 15,13.50 
22 ก.พ. 2564,12 - 15,13.50 
23 ก.พ. 2564,12 - 15,13.50 
24 ก.พ. 2564,12 - 15,13.50 
25 ก.พ. 2564,12 - 15,13.50 
01 มี.ค. 2564,12 - 15,13.50 
02 มี.ค. 2564,12 - 15,13.50 
03 มี.ค. 2564,12 - 15,13.50 
04 มี.ค. 2564,12 - 15,13.50 
05 มี.ค. 2564,12 - 15,13.50 
08 มี.ค. 2564,12 - 15,13.50 
09 มี.ค. 2564,15 - 18,16.50 
10 มี.ค. 2564,15 - 18,16.50 
11 มี.ค. 2564,15 - 18,16.50 
12 มี.ค. 2564,15 - 18,16.50 
15 มี.ค. 2564,18 - 20,19.00 
16 มี.ค. 2564,18 - 20,19.00 
17 มี.ค. 2564,18 - 20,19.00 
18 มี.ค. 2564,18 - 20,19.00 
19 มี.ค. 2564,18 - 20,19.00 
22 มี.ค. 2564,22 - 25,23.50 
23 มี.ค. 2564,22 - 25,23.50 
24 มี.ค. 2564,22 - 25,23.50 
25 มี.ค. 2564,22 - 25,23.50 
26 มี.ค. 2564,22 - 25,23.50 
29 มี.ค. 2564,22 - 25,23.50 
30 มี.ค. 2564,22 - 25,23.50 
31 มี.ค. 2564,22 - 25,23.50 
01 เม.ย. 2564,28 - 30,29.00 
02 เม.ย. 2564,28 - 30,29.00 
05 เม.ย. 2564,28 - 30,29.00 
07 เม.ย. 2564,28 - 30,29.00 
08 เม.ย. 2564,22 - 25,23.50 
09 เม.ย. 2564,22 - 25,23.50 
16 เม.ย. 2564,22 - 25,23.50 
19 เม.ย. 2564,22 - 25,23.50 
20 เม.ย. 2564,22 - 25,23.50 
21 เม.ย. 2564,20 - 22,21.00 
22 เม.ย. 2564,20 - 22,21.00 
23 เม.ย. 2564,20 - 22,21.00 
26 เม.ย. 2564,20 - 22,21.00 
27 เม.ย. 2564,20 - 22,21.00 
28 เม.ย. 2564,20 - 22,21.00 
29 เม.ย. 2564,20 - 22,21.00 
30 เม.ย. 2564,18 - 20,19.00 
03 พ.ค. 2564,18 - 20,19.00 
05 พ.ค. 2564,18 - 20,19.00 
06 พ.ค. 2564,18 - 20,19.00 
07 พ.ค. 2564,18 - 20,19.00 
11 พ.ค. 2564,18 - 20,19.00 
12 พ.ค. 2564,15 - 18,16.50 
13 พ.ค. 2564,15 - 18,16.50 
14 พ.ค. 2564,15 - 18,16.50 
17 พ.ค. 2564,15 - 18,16.50 
18 พ.ค. 2564,15 - 18,16.50 
19 พ.ค. 2564,20 - 22,21.00 
20 พ.ค. 2564,20 - 22,21.00 
21 พ.ค. 2564,20 - 22,21.00 
24 พ.ค. 2564,22 - 25,23.50 
25 พ.ค. 2564,22 - 25,23.50 
27 พ.ค. 2564,25 - 30,27.50 
28 พ.ค. 2564,22 - 25,23.50 
31 พ.ค. 2564,22 - 25,23.50 
01 มิ.ย. 2564,22 - 25,23.50 
02 มิ.ย. 2564,22 - 25,23.50 
04 มิ.ย. 2564,22 - 25,23.50 
07 มิ.ย. 2564,22 - 25,23.50 
08 มิ.ย. 2564,22 - 25,23.50 
09 มิ.ย. 2564,28 - 30,29.00 
10 มิ.ย. 2564,28 - 30,29.00 
11 มิ.ย. 2564,28 - 30,29.00 
14 มิ.ย. 2564,25 - 28,26.50 
15 มิ.ย. 2564,25 - 28,26.50 
16 มิ.ย. 2564,22 - 25,23.50 
17 มิ.ย. 2564,22 - 25,23.50 
18 มิ.ย. 2564,22 - 25,23.50 
21 มิ.ย. 2564,22 - 25,23.50 
22 มิ.ย. 2564,22 - 25,23.50 
23 มิ.ย. 2564,22 - 25,23.50 
24 มิ.ย. 2564,18 - 20,19.00 
25 มิ.ย. 2564,18 - 20,19.00 
28 มิ.ย. 2564,18 - 20,19.00 
29 มิ.ย. 2564,18 - 20,19.00 
30 มิ.ย. 2564,18 - 20,19.00 
01 ก.ค. 2564,18 - 20,19.00 
02 ก.ค. 2564,18 - 20,19.00 
05 ก.ค. 2564,15 - 18,16.50 
06 ก.ค. 2564,15 - 18,16.50 
07 ก.ค. 2564,15 - 18,16.50 
08 ก.ค. 2564,12 - 15,13.50 
09 ก.ค. 2564,12 - 15,13.50 
12 ก.ค. 2564,12 - 15,13.50 
13 ก.ค. 2564,10 - 13,11.50 
14 ก.ค. 2564,10 - 13,11.50 
15 ก.ค. 2564,14 - 15,14.50 
16 ก.ค. 2564,14 - 15,14.50 
19 ก.ค. 2564,14 - 15,14.50 
20 ก.ค. 2564,18 - 20,19.00 
21 ก.ค. 2564,15 - 18,16.50 
22 ก.ค. 2564,15 - 18,16.50 
23 ก.ค. 2564,18 - 20,19.00 
27 ก.ค. 2564,15 - 18,16.50 
29 ก.ค. 2564,18 - 20,19.00 
30 ก.ค. 2564,18 - 20,19.00 
02 ส.ค. 2564,18 - 20,19.00 
03 ส.ค. 2564,18 - 20,19.00 
04 ส.ค. 2564,18 - 20,19.00 
05 ส.ค. 2564,15 - 18,16.50 
06 ส.ค. 2564,15 - 18,16.50 
09 ส.ค. 2564,15 - 18,16.50 
10 ส.ค. 2564,15 - 18,16.50 
11 ส.ค. 2564,15 - 18,16.50 
13 ส.ค. 2564,18 - 20,19.00 
16 ส.ค. 2564,18 - 20,19.00 
17 ส.ค. 2564,18 - 20,19.00 
18 ส.ค. 2564,18 - 20,19.00 
19 ส.ค. 2564,18 - 20,19.00 
20 ส.ค. 2564,18 - 20,19.00 
23 ส.ค. 2564,25 - 28,26.50 
24 ส.ค. 2564,22 - 25,23.50 
25 ส.ค. 2564,22 - 25,23.50 
26 ส.ค. 2564,28 - 30,29.00 
27 ส.ค. 2564,28 - 30,29.00 
30 ส.ค. 2564,28 - 30,29.00 
31 ส.ค. 2564,30 - 35,32.50 
01 ก.ย. 2564,30 - 35,32.50 
02 ก.ย. 2564,30 - 35,32.50 
03 ก.ย. 2564,25 - 30,27.50 
06 ก.ย. 2564,30 - 35,32.50 
07 ก.ย. 2564,30 - 35,32.50 
08 ก.ย. 2564,30 - 35,32.50 
09 ก.ย. 2564,35 - 40,37.50 
10 ก.ย. 2564,35 - 40,37.50 
13 ก.ย. 2564,25 - 30,27.50 
14 ก.ย. 2564,25 - 30,27.50 
15 ก.ย. 2564,25 - 30,27.50 
16 ก.ย. 2564,30 - 35,32.50 
17 ก.ย. 2564,30 - 35,32.50 
20 ก.ย. 2564,25 - 30,27.50 
21 ก.ย. 2564,25 - 30,27.50 
22 ก.ย. 2564,25 - 30,27.50 
23 ก.ย. 2564,25 - 30,27.50 
27 ก.ย. 2564,25 - 30,27.50 
28 ก.ย. 2564,20 - 25,22.50 
29 ก.ย. 2564,20 - 25,22.50 
30 ก.ย. 2564,20 - 25,22.50 
01 ต.ค. 2564,20 - 25,22.50 
04 ต.ค. 2564,30 - 35,32.50 
05 ต.ค. 2564,30 - 35,32.50 
06 ต.ค. 2564,25 - 30,27.50 
07 ต.ค. 2564,25 - 30,27.50 
08 ต.ค. 2564,25 - 30,27.50 
11 ต.ค. 2564,25 - 30,27.50 
12 ต.ค. 2564,20 - 25,22.50 
14 ต.ค. 2564,20 - 25,22.50 
15 ต.ค. 2564,20 - 25,22.50 
18 ต.ค. 2564,30 - 35,32.50 
19 ต.ค. 2564,25 - 30,27.50 
20 ต.ค. 2564,20 - 25,22.50 
25 ต.ค. 2564,20 - 25,22.50 
26 ต.ค. 2564,20 - 25,22.50 
27 ต.ค. 2564,30 - 35,32.50 
28 ต.ค. 2564,30 - 35,32.50 
29 ต.ค. 2564,30 - 35,32.50 
01 พ.ย. 2564,30 - 35,32.50 
02 พ.ย. 2564,25 - 30,27.50 
03 พ.ย. 2564,25 - 30,27.50 
04 พ.ย. 2564,25 - 30,27.50 
05 พ.ย. 2564,25 - 30,27.50 
08 พ.ย. 2564,25 - 30,27.50 
09 พ.ย. 2564,25 - 30,27.50 
10 พ.ย. 2564,25 - 30,27.50 
11 พ.ย. 2564,30 - 35,32.50 
12 พ.ย. 2564,25 - 30,27.50 
15 พ.ย. 2564,30 - 35,32.50 
16 พ.ย. 2564,30 - 35,32.50 
17 พ.ย. 2564,25 - 30,27.50 
18 พ.ย. 2564,25 - 30,27.50 
19 พ.ย. 2564,25 - 30,27.50 
22 พ.ย. 2564,25 - 30,27.50 
23 พ.ย. 2564,25 - 30,27.50 
24 พ.ย. 2564,25 - 30,27.50 
25 พ.ย. 2564,25 - 30,27.50 
26 พ.ย. 2564,20 - 25,22.50 
29 พ.ย. 2564,25 - 30,27.50 
30 พ.ย. 2564,30 - 35,32.50 
01 ธ.ค. 2564,30 - 35,32.50 
02 ธ.ค. 2564,30 - 35,32.50 
03 ธ.ค. 2564,25 - 30,27.50 
07 ธ.ค. 2564,25 - 30,27.50 
08 ธ.ค. 2564,20 - 25,22.50 
09 ธ.ค. 2564,20 - 25,22.50 
13 ธ.ค. 2564,20 - 25,22.50 
14 ธ.ค. 2564,20 - 25,22.50 
15 ธ.ค. 2564,15 - 20,17.50 
16 ธ.ค. 2564,15 - 20,17.50 
17 ธ.ค. 2564,15 - 20,17.50 
20 ธ.ค. 2564,15 - 20,17.50 
21 ธ.ค. 2564,10 - 15,12.50 
22 ธ.ค. 2564,10 - 15,12.50 
23 ธ.ค. 2564,10 - 15,12.50 
24 ธ.ค. 2564,10 - 15,12.50 
27 ธ.ค. 2564,10 - 15,12.50 
28 ธ.ค. 2564,10 - 15,12.50 
29 ธ.ค. 2564,10 - 15,12.50 
30 ธ.ค. 2564,15 - 20,17.50 
04 ม.ค. 2565,20 - 25,22.50 
05 ม.ค. 2565,15 - 20,17.50 
06 ม.ค. 2565,15 - 20,17.50 
07 ม.ค. 2565,15 - 20,17.50 
10 ม.ค. 2565,15 - 20,17.50 
11 ม.ค. 2565,15 - 20,17.50 
12 ม.ค. 2565,15 - 20,17.50 
13 ม.ค. 2565,15 - 20,17.50 
14 ม.ค. 2565,15 - 20,17.50 
17 ม.ค. 2565,15 - 20,17.50 
18 ม.ค. 2565,20 - 25,22.50 
19 ม.ค. 2565,20 - 25,22.50 
20 ม.ค. 2565,20 - 25,22.50 
21 ม.ค. 2565,20 - 25,22.50 
24 ม.ค. 2565,20 - 25,22.50 
25 ม.ค. 2565,20 - 25,22.50 
26 ม.ค. 2565,20 - 25,22.50 
27 ม.ค. 2565,20 - 25,22.50 
28 ม.ค. 2565,20 - 25,22.50 
31 ม.ค. 2565,20 - 25,22.50 
01 ก.พ. 2565,20 - 25,22.50 
02 ก.พ. 2565,20 - 25,22.50 
03 ก.พ. 2565,20 - 25,22.50 
04 ก.พ. 2565,20 - 25,22.50 
07 ก.พ. 2565,20 - 25,22.50 
08 ก.พ. 2565,20 - 25,22.50 
09 ก.พ. 2565,20 - 25,22.50 
10 ก.พ. 2565,20 - 25,22.50 
11 ก.พ. 2565,20 - 25,22.50 
12 ก.พ. 2565,20 - 25,22.50 
13 ก.พ. 2565,20 - 25,22.50 
14 ก.พ. 2565,20 - 25,22.50 
15 ก.พ. 2565,20 - 25,22.50 
16 ก.พ. 2565,20 - 25,22.50 
17 ก.พ. 2565,20 - 25,22.50 
18 ก.พ. 2565,20 - 25,22.50 
19 ก.พ. 2565,20 - 25,22.50 
20 ก.พ. 2565,20 - 25,22.50 
21 ก.พ. 2565,30 - 35,32.50 
22 ก.พ. 2565,30 - 35,32.50 
23 ก.พ. 2565,30 - 35,32.50 
24 ก.พ. 2565,35 - 40,37.50 
25 ก.พ. 2565,35 - 40,37.50 
26 ก.พ. 2565,40 - 45,42.50 
27 ก.พ. 2565,40 - 45,42.50 
28 ก.พ. 2565,35 - 40,37.50 
01 มี.ค. 2565,30 - 35,32.50 
02 มี.ค. 2565,30 - 35,32.50 
03 มี.ค. 2565,25 - 30,27.50 
04 มี.ค. 2565,25 - 30,27.50 
05 มี.ค. 2565,25 - 30,27.50 
06 มี.ค. 2565,20 - 25,22.50 
07 มี.ค. 2565,20 - 25,22.50 
08 มี.ค. 2565,15 - 20,17.50 
09 มี.ค. 2565,15 - 20,17.50 
10 มี.ค. 2565,15 - 20,17.50 
11 มี.ค. 2565,15 - 20,17.50 
12 มี.ค. 2565,15 - 20,17.50 
13 มี.ค. 2565,15 - 20,17.50 
14 มี.ค. 2565,20 - 25,22.50 
15 มี.ค. 2565,20 - 25,22.50 
16 มี.ค. 2565,20 - 25,22.50 
17 มี.ค. 2565,20 - 25,22.50 
18 มี.ค. 2565,15 - 20,17.50 
19 มี.ค. 2565,15 - 20,17.50 
20 มี.ค. 2565,15 - 20,17.50 
21 มี.ค. 2565,15 - 20,17.50 
22 มี.ค. 2565,15 - 20,17.50 
23 มี.ค. 2565,15 - 20,17.50 
24 มี.ค. 2565,15 - 20,17.50 
25 มี.ค. 2565,15 - 20,17.50 
26 มี.ค. 2565,15 - 20,17.50 
27 มี.ค. 2565,15 - 20,17.50 
28 มี.ค. 2565,15 - 20,17.50 
29 มี.ค. 2565,15 - 20,17.50 
30 มี.ค. 2565,15 - 20,17.50 
31 มี.ค. 2565,20 - 25,22.50 
01 เม.ย. 2565,20 - 25,22.50 
02 เม.ย. 2565,20 - 25,22.50 
03 เม.ย. 2565,20 - 25,22.50 
04 เม.ย. 2565,20 - 25,22.50 
05 เม.ย. 2565,20 - 25,22.50 
06 เม.ย. 2565,20 - 25,22.50 
07 เม.ย. 2565,20 - 25,22.50 
08 เม.ย. 2565,20 - 25,22.50 
09 เม.ย. 2565,20 - 25,22.50 
10 เม.ย. 2565,20 - 25,22.50 
11 เม.ย. 2565,20 - 25,22.50 
12 เม.ย. 2565,20 - 25,22.50 
13 เม.ย. 2565,20 - 25,22.50 
14 เม.ย. 2565,20 - 25,22.50 
15 เม.ย. 2565,20 - 25,22.50 
16 เม.ย. 2565,20 - 25,22.50 
17 เม.ย. 2565,20 - 25,22.50 
18 เม.ย. 2565,15 - 20,17.50 
19 เม.ย. 2565,15 - 20,17.50 
20 เม.ย. 2565,15 - 20,17.50 
21 เม.ย. 2565,15 - 20,17.50 
22 เม.ย. 2565,15 - 20,17.50 
23 เม.ย. 2565,15 - 20,17.50 
24 เม.ย. 2565,15 - 20,17.50 
25 เม.ย. 2565,15 - 20,17.50 
26 เม.ย. 2565,15 - 20,17.50 
27 เม.ย. 2565,15 - 20,17.50 
28 เม.ย. 2565,15 - 20,17.50 
29 เม.ย. 2565,20 - 25,22.50 
30 เม.ย. 2565,20 - 25,22.50 
01 พ.ค. 2565,20 - 25,22.50 
02 พ.ค. 2565,20 - 25,22.50 
03 พ.ค. 2565,20 - 25,22.50 
04 พ.ค. 2565,20 - 25,22.50 
05 พ.ค. 2565,20 - 25,22.50 
06 พ.ค. 2565,20 - 25,22.50 
07 พ.ค. 2565,25 - 30,27.50 
08 พ.ค. 2565,25 - 30,27.50 
09 พ.ค. 2565,20 - 25,22.50 
10 พ.ค. 2565,25 - 30,27.50 
11 พ.ค. 2565,25 - 30,27.50 
12 พ.ค. 2565,25 - 30,27.50 
13 พ.ค. 2565,25 - 30,27.50 
14 พ.ค. 2565,25 - 30,27.50 
15 พ.ค. 2565,25 - 30,27.50 
16 พ.ค. 2565,25 - 30,27.50 
17 พ.ค. 2565,30 - 35,32.50 
18 พ.ค. 2565,35 - 40,37.50 
19 พ.ค. 2565,40 - 45,42.50 
20 พ.ค. 2565,35 - 40,37.50 
21 พ.ค. 2565,35 - 40,37.50 
22 พ.ค. 2565,35 - 40,37.50 
23 พ.ค. 2565,35 - 40,37.50 
24 พ.ค. 2565,35 - 40,37.50 
25 พ.ค. 2565,40 - 45,42.50 
26 พ.ค. 2565,40 - 45,42.50 
27 พ.ค. 2565,40 - 45,42.50 
28 พ.ค. 2565,40 - 45,42.50 
29 พ.ค. 2565,40 - 45,42.50 
30 พ.ค. 2565,35 - 40,37.50 
31 พ.ค. 2565,35 - 40,37.50 
01 มิ.ย. 2565,35 - 40,37.50 
02 มิ.ย. 2565,30 - 35,32.50 
03 มิ.ย. 2565,30 - 35,32.50 
04 มิ.ย. 2565,20 - 25,22.50 
05 มิ.ย. 2565,20 - 25,22.50 
06 มิ.ย. 2565,20 - 25,22.50 
07 มิ.ย. 2565,20 - 25,22.50 
08 มิ.ย. 2565,20 - 25,22.50 
09 มิ.ย. 2565,20 - 25,22.50 
10 มิ.ย. 2565,20 - 25,22.50 
11 มิ.ย. 2565,20 - 25,22.50 
12 มิ.ย. 2565,20 - 25,22.50 
13 มิ.ย. 2565,20 - 25,22.50 
14 มิ.ย. 2565,25 - 30,27.50 
15 มิ.ย. 2565,25 - 30,27.50 
16 มิ.ย. 2565,25 - 30,27.50 
17 มิ.ย. 2565,20 - 25,22.50 
18 มิ.ย. 2565,20 - 25,22.50 
19 มิ.ย. 2565,20 - 25,22.50 
20 มิ.ย. 2565,20 - 25,22.50 
21 มิ.ย. 2565,15 - 20,17.50 
22 มิ.ย. 2565,20 - 25,22.50 
23 มิ.ย. 2565,20 - 25,22.50 
24 มิ.ย. 2565,15 - 20,17.50 
25 มิ.ย. 2565,20 - 25,22.50 
26 มิ.ย. 2565,20 - 25,22.50 
27 มิ.ย. 2565,15 - 20,17.50 
28 มิ.ย. 2565,15 - 20,17.50 
29 มิ.ย. 2565,15 - 20,17.50 
30 มิ.ย. 2565,15 - 20,17.50 
01 ก.ค. 2565,15 - 20,17.50 
02 ก.ค. 2565,15 - 20,17.50 
03 ก.ค. 2565,20 - 25,22.50 
04 ก.ค. 2565,20 - 25,22.50 
05 ก.ค. 2565,15 - 20,17.50 
06 ก.ค. 2565,20 - 25,22.50 
07 ก.ค. 2565,20 - 25,22.50 
08 ก.ค. 2565,20 - 25,22.50 
09 ก.ค. 2565,20 - 25,22.50 
10 ก.ค. 2565,20 - 25,22.50 
11 ก.ค. 2565,20 - 25,22.50 
12 ก.ค. 2565,20 - 25,22.50 
13 ก.ค. 2565,20 - 25,22.50 
14 ก.ค. 2565,20 - 25,22.50 
15 ก.ค. 2565,20 - 25,22.50 
16 ก.ค. 2565,20 - 25,22.50 
17 ก.ค. 2565,20 - 25,22.50 
18 ก.ค. 2565,20 - 25,22.50 
19 ก.ค. 2565,20 - 25,22.50 
20 ก.ค. 2565,20 - 25,22.50 
21 ก.ค. 2565,20 - 25,22.50 
22 ก.ค. 2565,25 - 30,27.50 
23 ก.ค. 2565,20 - 25,22.50 
24 ก.ค. 2565,20 - 25,22.50 
25 ก.ค. 2565,20 - 25,22.50 
26 ก.ค. 2565,20 - 25,22.50 
27 ก.ค. 2565,20 - 25,22.50 
28 ก.ค. 2565,20 - 25,22.50 
29 ก.ค. 2565,20 - 25,22.50 
30 ก.ค. 2565,25 - 30,27.50 
31 ก.ค. 2565,25 - 30,27.50 
01 ส.ค. 2565,20 - 25,22.50 
02 ส.ค. 2565,25 - 30,27.50 
03 ส.ค. 2565,25 - 30,27.50 
04 ส.ค. 2565,25 - 30,27.50 
05 ส.ค. 2565,25 - 30,27.50 
06 ส.ค. 2565,25 - 30,27.50 
07 ส.ค. 2565,25 - 30,27.50 
08 ส.ค. 2565,25 - 30,27.50 
09 ส.ค. 2565,25 - 30,27.50 
10 ส.ค. 2565,25 - 30,27.50 
11 ส.ค. 2565,25 - 30,27.50 
12 ส.ค. 2565,25 - 30,27.50 
13 ส.ค. 2565,25 - 30,27.50 
14 ส.ค. 2565,25 - 30,27.50 
15 ส.ค. 2565,25 - 30,27.50 
16 ส.ค. 2565,25 - 30,27.50 
17 ส.ค. 2565,25 - 30,27.50 
18 ส.ค. 2565,25 - 30,27.50 
19 ส.ค. 2565,25 - 30,27.50 
20 ส.ค. 2565,25 - 30,27.50 
21 ส.ค. 2565,25 - 30,27.50 
22 ส.ค. 2565,25 - 30,27.50 
23 ส.ค. 2565,25 - 30,27.50 
24 ส.ค. 2565,25 - 30,27.50 
25 ส.ค. 2565,25 - 30,27.50 
26 ส.ค. 2565,25 - 30,27.50 
27 ส.ค. 2565,25 - 30,27.50 
28 ส.ค. 2565,25 - 30,27.50 
29 ส.ค. 2565,25 - 30,27.50 
30 ส.ค. 2565,25 - 30,27.50 
31 ส.ค. 2565,25 - 30,27.50 
01 ก.ย. 2565,20 - 25,22.50 
02 ก.ย. 2565,20 - 25,22.50 
03 ก.ย. 2565,20 - 25,22.50 
04 ก.ย. 2565,20 - 25,22.50 
05 ก.ย. 2565,25 - 30,27.50 
06 ก.ย. 2565,25 - 30,27.50 
07 ก.ย. 2565,25 - 30,27.50 
08 ก.ย. 2565,25 - 30,27.50 
09 ก.ย. 2565,25 - 30,27.50 
10 ก.ย. 2565,25 - 30,27.50 
11 ก.ย. 2565,25 - 30,27.50 
12 ก.ย. 2565,25 - 30,27.50 
13 ก.ย. 2565,25 - 30,27.50 
14 ก.ย. 2565,25 - 30,27.50 
15 ก.ย. 2565,25 - 30,27.50 
16 ก.ย. 2565,25 - 30,27.50 
17 ก.ย. 2565,30 - 35,32.50 
18 ก.ย. 2565,30 - 35,32.50 
19 ก.ย. 2565,30 - 35,32.50 
20 ก.ย. 2565,30 - 35,32.50 
21 ก.ย. 2565,30 - 35,32.50 
22 ก.ย. 2565,30 - 35,32.50 
23 ก.ย. 2565,30 - 35,32.50 
24 ก.ย. 2565,30 - 35,32.50 
25 ก.ย. 2565,30 - 35,32.50 
26 ก.ย. 2565,30 - 35,32.50 
27 ก.ย. 2565,25 - 30,27.50 
28 ก.ย. 2565,25 - 30,27.50 
29 ก.ย. 2565,25 - 30,27.50 
30 ก.ย. 2565,25 - 30,27.50 
01 ต.ค. 2565,25 - 30,27.50 
02 ต.ค. 2565,25 - 30,27.50 
03 ต.ค. 2565,25 - 30,27.50 
04 ต.ค. 2565,25 - 30,27.50 
05 ต.ค. 2565,25 - 30,27.50 
06 ต.ค. 2565,25 - 30,27.50 
07 ต.ค. 2565,25 - 30,27.50 
08 ต.ค. 2565,25 - 30,27.50 
09 ต.ค. 2565,25 - 30,27.50 
10 ต.ค. 2565,40 - 45,42.50 
11 ต.ค. 2565,30 - 35,32.50 
12 ต.ค. 2565,35 - 40,37.50 
13 ต.ค. 2565,35 - 40,37.50 
14 ต.ค. 2565,35 - 40,37.50 
15 ต.ค. 2565,40 - 45,42.50 
16 ต.ค. 2565,40 - 45,42.50 
17 ต.ค. 2565,40 - 45,42.50 
18 ต.ค. 2565,40 - 45,42.50 
19 ต.ค. 2565,40 - 45,42.50 
20 ต.ค. 2565,40 - 45,42.50 
21 ต.ค. 2565,35 - 40,37.50 
22 ต.ค. 2565,35 - 40,37.50 
23 ต.ค. 2565,35 - 40,37.50 
24 ต.ค. 2565,35 - 40,37.50 
25 ต.ค. 2565,35 - 40,37.50 
26 ต.ค. 2565,30 - 35,32.50 
27 ต.ค. 2565,30 - 35,32.50 
28 ต.ค. 2565,30 - 35,32.50 
29 ต.ค. 2565,25 - 30,27.50 
30 ต.ค. 2565,25 - 30,27.50 
31 ต.ค. 2565,25 - 30,27.50 
01 พ.ย. 2565,25 - 30,27.50 
02 พ.ย. 2565,25 - 30,27.50 
03 พ.ย. 2565,20 - 25,22.50 
04 พ.ย. 2565,20 - 25,22.50 
05 พ.ย. 2565,20 - 25,22.50 
06 พ.ย. 2565,20 - 25,22.50 
07 พ.ย. 2565,20 - 25,22.50 
08 พ.ย. 2565,20 - 25,22.50 
09 พ.ย. 2565,20 - 25,22.50 
10 พ.ย. 2565,20 - 25,22.50 
11 พ.ย. 2565,20 - 25,22.50 
12 พ.ย. 2565,20 - 25,22.50 
13 พ.ย. 2565,20 - 25,22.50 
14 พ.ย. 2565,15 - 20,17.50 
15 พ.ย. 2565,15 - 20,17.50 
16 พ.ย. 2565,15 - 20,17.50 
17 พ.ย. 2565,15 - 20,17.50 
18 พ.ย. 2565,15 - 20,17.50 
19 พ.ย. 2565,15 - 20,17.50 
20 พ.ย. 2565,15 - 20,17.50 
21 พ.ย. 2565,15 - 20,17.50 
22 พ.ย. 2565,15 - 20,17.50 
23 พ.ย. 2565,15 - 20,17.50 
24 พ.ย. 2565,20 - 25,22.50 
25 พ.ย. 2565,20 - 25,22.50 
26 พ.ย. 2565,25 - 30,27.50 
27 พ.ย. 2565,25 - 30,27.50 
28 พ.ย. 2565,20 - 25,22.50 
29 พ.ย. 2565,20 - 25,22.50 
30 พ.ย. 2565,25 - 30,27.50 
01 ธ.ค. 2565,25 - 30,27.50 
02 ธ.ค. 2565,35 - 40,37.50 
03 ธ.ค. 2565,35 - 40,37.50 
04 ธ.ค. 2565,35 - 40,37.50 
05 ธ.ค. 2565,35 - 40,37.50 
06 ธ.ค. 2565,40 - 45,42.50 
07 ธ.ค. 2565,45 - 50,47.50 
08 ธ.ค. 2565,45 - 50,47.50 
09 ธ.ค. 2565,45 - 50,47.50 
10 ธ.ค. 2565,45 - 50,47.50 
11 ธ.ค. 2565,45 - 50,47.50 
12 ธ.ค. 2565,45 - 50,47.50 
13 ธ.ค. 2565,45 - 50,47.50 
14 ธ.ค. 2565,40 - 45,42.50 
15 ธ.ค. 2565,40 - 45,42.50 
16 ธ.ค. 2565,40 - 45,42.50 
17 ธ.ค. 2565,35 - 40,37.50 
18 ธ.ค. 2565,35 - 40,37.50 
19 ธ.ค. 2565,30 - 35,32.50 
20 ธ.ค. 2565,30 - 35,32.50 
21 ธ.ค. 2565,30 - 35,32.50 
22 ธ.ค. 2565,30 - 35,32.50 
23 ธ.ค. 2565,35 - 40,37.50 
24 ธ.ค. 2565,35 - 40,37.50 
25 ธ.ค. 2565,35 - 40,37.50 
26 ธ.ค. 2565,25 - 30,27.50 
27 ธ.ค. 2565,25 - 30,27.50 
28 ธ.ค. 2565,25 - 30,27.50 
29 ธ.ค. 2565,20 - 25,22.50 
30 ธ.ค. 2565,20 - 25,22.50 
31 ธ.ค. 2565,20 - 25,22.50 
01 ม.ค. 2566,20 - 25,22.50 
02 ม.ค. 2566,20 - 25,22.50 
03 ม.ค. 2566,20 - 25,22.50 
04 ม.ค. 2566,20 - 25,22.50 
05 ม.ค. 2566,20 - 25,22.50 
06 ม.ค. 2566,20 - 25,22.50 
07 ม.ค. 2566,20 - 25,22.50 
08 ม.ค. 2566,20 - 25,22.50 
09 ม.ค. 2566,15 - 20,17.50 
10 ม.ค. 2566,15 - 20,17.50 
11 ม.ค. 2566,15 - 20,17.50 
12 ม.ค. 2566,15 - 20,17.50 
13 ม.ค. 2566,15 - 20,17.50 
14 ม.ค. 2566,15 - 20,17.50 
15 ม.ค. 2566,15 - 20,17.50 
16 ม.ค. 2566,15 - 20,17.50 
17 ม.ค. 2566,15 - 20,17.50 
18 ม.ค. 2566,15 - 20,17.50 
19 ม.ค. 2566,15 - 20,17.50 
20 ม.ค. 2566,15 - 20,17.50 
21 ม.ค. 2566,15 - 20,17.50 
22 ม.ค. 2566,15 - 20,17.50 
23 ม.ค. 2566,20 - 25,22.50 
24 ม.ค. 2566,20 - 25,22.50 
25 ม.ค. 2566,20 - 25,22.50 
26 ม.ค. 2566,20 - 25,22.50 
27 ม.ค. 2566,20 - 25,22.50 
28 ม.ค. 2566,20 - 25,22.50 
29 ม.ค. 2566,20 - 25,22.50 
30 ม.ค. 2566,20 - 25,22.50 
31 ม.ค. 2566,20 - 25,22.50 
01 ก.พ. 2566,20 - 25,22.50 
02 ก.พ. 2566,15 - 20,17.50 
03 ก.พ. 2566,15 - 20,17.50 
04 ก.พ. 2566,15 - 20,17.50 
05 ก.พ. 2566,15 - 20,17.50 
06 ก.พ. 2566,15 - 20,17.50 
07 ก.พ. 2566,15 - 20,17.50 
08 ก.พ. 2566,15 - 20,17.50 
09 ก.พ. 2566,15 - 20,17.50 
10 ก.พ. 2566,15 - 20,17.50 
11 ก.พ. 2566,15 - 20,17.50 
12 ก.พ. 2566,15 - 20,17.50 
13 ก.พ. 2566,20 - 25,22.50 
14 ก.พ. 2566,20 - 25,22.50 
15 ก.พ. 2566,20 - 25,22.50 
16 ก.พ. 2566,20 - 25,22.50 
17 ก.พ. 2566,20 - 25,22.50 
18 ก.พ. 2566,20 - 25,22.50 
19 ก.พ. 2566,20 - 25,22.50 
20 ก.พ. 2566,25 - 30,27.50 
21 ก.พ. 2566,25 - 30,27.50 
22 ก.พ. 2566,30 - 35,32.50 
23 ก.พ. 2566,30 - 35,32.50 
24 ก.พ. 2566,30 - 35,32.50 
25 ก.พ. 2566,30 - 35,32.50 
26 ก.พ. 2566,30 - 35,32.50 
27 ก.พ. 2566,30 - 35,32.50 
28 ก.พ. 2566,30 - 35,32.50 
01 มี.ค. 2566,25 - 30,27.50 
02 มี.ค. 2566,25 - 30,27.50 
03 มี.ค. 2566,25 - 30,27.50 
04 มี.ค. 2566,25 - 30,27.50 
05 มี.ค. 2566,25 - 30,27.50 
06 มี.ค. 2566,25 - 30,27.50 
07 มี.ค. 2566,20 - 25,22.50 
08 มี.ค. 2566,20 - 25,22.50 
09 มี.ค. 2566,20 - 25,22.50 
10 มี.ค. 2566,20 - 25,22.50 
11 มี.ค. 2566,20 - 25,22.50 
12 มี.ค. 2566,20 - 25,22.50 
13 มี.ค. 2566,20 - 25,22.50 
14 มี.ค. 2566,20 - 25,22.50 
15 มี.ค. 2566,20 - 25,22.50 
16 มี.ค. 2566,20 - 25,22.50 
17 มี.ค. 2566,20 - 25,22.50 
18 มี.ค. 2566,20 - 25,22.50 
19 มี.ค. 2566,20 - 25,22.50 
20 มี.ค. 2566,20 - 25,22.50 
21 มี.ค. 2566,15 - 20,17.50 
22 มี.ค. 2566,15 - 20,17.50 
23 มี.ค. 2566,15 - 20,17.50 
24 มี.ค. 2566,15 - 20,17.50 
27 มี.ค. 2566,20 - 25,22.50 
28 มี.ค. 2566,20 - 25,22.50 
29 มี.ค. 2566,20 - 25,22.50 
30 มี.ค. 2566,20 - 25,22.50 
31 มี.ค. 2566,20 - 25,22.50 
03 เม.ย. 2566,20 - 25,22.50 
04 เม.ย. 2566,15 - 20,17.50 
05 เม.ย. 2566,15 - 20,17.50 
07 เม.ย. 2566,15 - 20,17.50 
10 เม.ย. 2566,15 - 20,17.50 
11 เม.ย. 2566,15 - 20,17.50 
12 เม.ย. 2566,20 - 25,22.50 
18 เม.ย. 2566,20 - 25,22.50 
19 เม.ย. 2566,25 - 30,27.50 
20 เม.ย. 2566,30 - 35,32.50 
21 เม.ย. 2566,30 - 35,32.50 
24 เม.ย. 2566,30 - 35,32.50 
25 เม.ย. 2566,35 - 40,37.50 
26 เม.ย. 2566,35 - 40,37.50 
27 เม.ย. 2566,40 - 45,42.50 
28 เม.ย. 2566,30 - 35,32.50 
01 พ.ค. 2566,30 - 35,32.50 
02 พ.ค. 2566,30 - 35,32.50 
03 พ.ค. 2566,30 - 35,32.50 
08 พ.ค. 2566,35 - 40,37.50 
09 พ.ค. 2566,35 - 40,37.50 
10 พ.ค. 2566,35 - 40,37.50 
11 พ.ค. 2566,35 - 40,37.50 
12 พ.ค. 2566,35 - 40,37.50 
15 พ.ค. 2566,35 - 40,37.50 
16 พ.ค. 2566,35 - 40,37.50 
18 พ.ค. 2566,40 - 45,42.50 
19 พ.ค. 2566,40 - 45,42.50 
22 พ.ค. 2566,40 - 45,42.50 
23 พ.ค. 2566,40 - 45,42.50 
24 พ.ค. 2566,40 - 45,42.50 
25 พ.ค. 2566,40 - 45,42.50 
26 พ.ค. 2566,30 - 35,32.50 
29 พ.ค. 2566,25 - 30,27.50 
30 พ.ค. 2566,30 - 35,32.50 
31 พ.ค. 2566,30 - 35,32.50 
01 มิ.ย. 2566,30 - 35,32.50 
02 มิ.ย. 2566,30 - 35,32.50 
06 มิ.ย. 2566,25 - 30,27.50 
07 มิ.ย. 2566,25 - 30,27.50 
08 มิ.ย. 2566,25 - 30,27.50 
09 มิ.ย. 2566,25 - 30,27.50 
12 มิ.ย. 2566,20 - 25,22.50 
13 มิ.ย. 2566,20 - 25,22.50 
14 มิ.ย. 2566,20 - 25,22.50 
15 มิ.ย. 2566,20 - 25,22.50 
16 มิ.ย. 2566,20 - 25,22.50 
19 มิ.ย. 2566,20 - 25,22.50 
20 มิ.ย. 2566,20 - 25,22.50 
21 มิ.ย. 2566,20 - 25,22.50 
22 มิ.ย. 2566,20 - 25,22.50 
23 มิ.ย. 2566,15 - 20,17.50 
26 มิ.ย. 2566,20 - 25,22.50 
27 มิ.ย. 2566,20 - 25,22.50 
28 มิ.ย. 2566,20 - 25,22.50 
29 มิ.ย. 2566,20 - 25,22.50 
30 มิ.ย. 2566,20 - 25,22.50 
03 ก.ค. 2566,15 - 20,17.50 
04 ก.ค. 2566,15 - 20,17.50 
05 ก.ค. 2566,15 - 20,17.50 
06 ก.ค. 2566,15 - 20,17.50 
07 ก.ค. 2566,15 - 20,17.50 
10 ก.ค. 2566,15 - 20,17.50 
11 ก.ค. 2566,20 - 25,22.50 
12 ก.ค. 2566,20 - 25,22.50 
13 ก.ค. 2566,20 - 25,22.50 
14 ก.ค. 2566,20 - 25,22.50 
17 ก.ค. 2566,20 - 25,22.50 
18 ก.ค. 2566,25 - 30,27.50 
19 ก.ค. 2566,25 - 30,27.50 
20 ก.ค. 2566,25 - 30,27.50 
21 ก.ค. 2566,25 - 30,27.50 
24 ก.ค. 2566,25 - 30,27.50 
25 ก.ค. 2566,25 - 30,27.50 
26 ก.ค. 2566,20 - 25,22.50 
27 ก.ค. 2566,20 - 25,22.50 
03 ส.ค. 2566,20 - 25,22.50 
04 ส.ค. 2566,25 - 30,27.50 
07 ส.ค. 2566,25 - 30,27.50 
08 ส.ค. 2566,25 - 30,27.50 
09 ส.ค. 2566,25 - 30,27.50 
10 ส.ค. 2566,25 - 30,27.50 
11 ส.ค. 2566,25 - 30,27.50 
15 ส.ค. 2566,25 - 30,27.50 
16 ส.ค. 2566,25 - 30,27.50 
17 ส.ค. 2566,20 - 25,22.50 
18 ส.ค. 2566,20 - 25,22.50 
21 ส.ค. 2566,20 - 25,22.50 
22 ส.ค. 2566,20 - 25,22.50 
23 ส.ค. 2566,20 - 25,22.50 
24 ส.ค. 2566,20 - 25,22.50 
25 ส.ค. 2566,20 - 25,22.50 
28 ส.ค. 2566,20 - 25,22.50 
29 ส.ค. 2566,20 - 25,22.50 
30 ส.ค. 2566,20 - 25,22.50 
31 ส.ค. 2566,20 - 25,22.50 
01 ก.ย. 2566,20 - 25,22.50 
04 ก.ย. 2566,20 - 25,22.50 
05 ก.ย. 2566,20 - 25,22.50 
06 ก.ย. 2566,20 - 25,22.50 
07 ก.ย. 2566,20 - 25,22.50 
08 ก.ย. 2566,20 - 25,22.50 
11 ก.ย. 2566,20 - 25,22.50 
12 ก.ย. 2566,20 - 25,22.50 
13 ก.ย. 2566,20 - 25,22.50 
14 ก.ย. 2566,20 - 25,22.50 
15 ก.ย. 2566,25 - 30,27.50 
18 ก.ย. 2566,20 - 25,22.50 
19 ก.ย. 2566,20 - 25,22.50 
20 ก.ย. 2566,25 - 30,27.50 
21 ก.ย. 2566,25 - 30,27.50 
22 ก.ย. 2566,25 - 30,27.50 
25 ก.ย. 2566,25 - 30,27.50 
26 ก.ย. 2566,25 - 30,27.50 
27 ก.ย. 2566,25 - 30,27.50 
28 ก.ย. 2566,25 - 30,27.50 
29 ก.ย. 2566,25 - 30,27.50 
02 ต.ค. 2566,30 - 35,32.50 
03 ต.ค. 2566,30 - 35,32.50 
04 ต.ค. 2566,30 - 35,32.50 
05 ต.ค. 2566,30 - 35,32.50 
06 ต.ค. 2566,30 - 35,32.50 
09 ต.ค. 2566,30 - 35,32.50 
10 ต.ค. 2566,30 - 35,32.50 
11 ต.ค. 2566,25 - 30,27.50 
12 ต.ค. 2566,30 - 35,32.50 
16 ต.ค. 2566,35 - 40,37.50 
17 ต.ค. 2566,35 - 40,37.50 
18 ต.ค. 2566,40 - 45,42.50 
19 ต.ค. 2566,35 - 40,37.50 
20 ต.ค. 2566,35 - 40,37.50 
24 ต.ค. 2566,25 - 30,27.50 
25 ต.ค. 2566,25 - 30,27.50 
26 ต.ค. 2566,30 - 35,32.50 
27 ต.ค. 2566,30 - 35,32.50 
30 ต.ค. 2566,30 - 35,32.50 
31 ต.ค. 2566,30 - 35,32.50 
01 พ.ย. 2566,30 - 35,32.50 
02 พ.ย. 2566,30 - 35,32.50 
03 พ.ย. 2566,30 - 35,32.50 
06 พ.ย. 2566,25 - 30,27.50 
07 พ.ย. 2566,25 - 30,27.50 
08 พ.ย. 2566,25 - 30,27.50 
09 พ.ย. 2566,20 - 25,22.50 
10 พ.ย. 2566,20 - 25,22.50 
13 พ.ย. 2566,20 - 25,22.50 
14 พ.ย. 2566,20 - 25,22.50 
15 พ.ย. 2566,20 - 25,22.50 
16 พ.ย. 2566,20 - 22,21.00 
17 พ.ย. 2566,20 - 22,21.00 
20 พ.ย. 2566,25 - 27,26.00 
21 พ.ย. 2566,30 - 32,31.00 
22 พ.ย. 2566,30 - 32,31.00 
23 พ.ย. 2566,30 - 32,31.00 
24 พ.ย. 2566,20 - 25,22.50 
27 พ.ย. 2566,15 - 20,17.50 
28 พ.ย. 2566,15 - 20,17.50 
29 พ.ย. 2566,15 - 20,17.50 
30 พ.ย. 2566,15 - 20,17.50 
01 ธ.ค. 2566,15 - 20,17.50 
04 ธ.ค. 2566,15 - 20,17.50 
06 ธ.ค. 2566,15 - 20,17.50 
07 ธ.ค. 2566,15 - 20,17.50 
08 ธ.ค. 2566,15 - 20,17.50 
12 ธ.ค. 2566,15 - 20,17.50 
13 ธ.ค. 2566,20 - 25,22.50 
14 ธ.ค. 2566,20 - 25,22.50 
15 ธ.ค. 2566,20 - 25,22.50 
18 ธ.ค. 2566,20 - 25,22.50 
19 ธ.ค. 2566,25 - 30,27.50 
20 ธ.ค. 2566,25 - 30,27.50 
21 ธ.ค. 2566,25 - 30,27.50 
22 ธ.ค. 2566,25 - 30,27.50 
25 ธ.ค. 2566,25 - 30,27.50 
26 ธ.ค. 2566,25 - 30,27.50 
27 ธ.ค. 2566,25 - 30,27.50 
28 ธ.ค. 2566,25 - 30,27.50 
02 ม.ค. 2567,25 - 30,27.50 
03 ม.ค. 2567,25 - 30,27.50 
04 ม.ค. 2567,25 - 30,27.50 
05 ม.ค. 2567,20 - 25,22.50 
08 ม.ค. 2567,20 - 25,22.50 
09 ม.ค. 2567,20 - 25,22.50 
10 ม.ค. 2567,20 - 25,22.50 
11 ม.ค. 2567,20 - 25,22.50 
12 ม.ค. 2567,20 - 25,22.50 
15 ม.ค. 2567,20 - 25,22.50 
16 ม.ค. 2567,20 - 25,22.50 
17 ม.ค. 2567,20 - 25,22.50 
18 ม.ค. 2567,20 - 25,22.50 
19 ม.ค. 2567,20 - 25,22.50 
22 ม.ค. 2567,20 - 25,22.50 
23 ม.ค. 2567,20 - 25,22.50 
24 ม.ค. 2567,20 - 25,22.50 
25 ม.ค. 2567,20 - 25,22.50 
26 ม.ค. 2567,20 - 25,22.50 
29 ม.ค. 2567,20 - 25,22.50 
30 ม.ค. 2567,20 - 25,22.50 
31 ม.ค. 2567,20 - 25,22.50 
01 ก.พ. 2567,20 - 25,22.50 
02 ก.พ. 2567,20 - 25,22.50 
05 ก.พ. 2567,20 - 25,22.50 
06 ก.พ. 2567,20 - 25,22.50 
07 ก.พ. 2567,20 - 25,22.50 
08 ก.พ. 2567,20 - 25,22.50 
09 ก.พ. 2567,20 - 25,22.50 
12 ก.พ. 2567,20 - 25,22.50 
13 ก.พ. 2567,20 - 25,22.50 
14 ก.พ. 2567,20 - 25,22.50 
15 ก.พ. 2567,20 - 25,22.50 
16 ก.พ. 2567,20 - 25,22.50 
19 ก.พ. 2567,20 - 25,22.50 
20 ก.พ. 2567,20 - 25,22.50 
21 ก.พ. 2567,20 - 25,22.50 
22 ก.พ. 2567,20 - 25,22.50 
23 ก.พ. 2567,20 - 25,22.50 
27 ก.พ. 2567,20 - 25,22.50 
28 ก.พ. 2567,20 - 25,22.50 
29 ก.พ. 2567,20 - 25,22.50 
01 มี.ค. 2567,20 - 25,22.50 
04 มี.ค. 2567,20 - 25,22.50 
05 มี.ค. 2567,20 - 25,22.50 
06 มี.ค. 2567,25 - 30,27.50 
07 มี.ค. 2567,25 - 30,27.50 
08 มี.ค. 2567,25 - 30,27.50 
11 มี.ค. 2567,25 - 30,27.50 
12 มี.ค. 2567,25 - 30,27.50 
13 มี.ค. 2567,30 - 35,32.50 
14 มี.ค. 2567,30 - 35,32.50 
15 มี.ค. 2567,25 - 30,27.50 
18 มี.ค. 2567,25 - 30,27.50 
19 มี.ค. 2567,25 - 30,27.50 
20 มี.ค. 2567,25 - 30,27.50 
21 มี.ค. 2567,25 - 30,27.50 
22 มี.ค. 2567,25 - 30,27.50 
25 มี.ค. 2567,25 - 30,27.50 
26 มี.ค. 2567,25 - 30,27.50 
27 มี.ค. 2567,25 - 30,27.50 
28 มี.ค. 2567,25 - 30,27.50 
29 มี.ค. 2567,20 - 25,22.50 
01 เม.ย. 2567,20 - 25,22.50 
02 เม.ย. 2567,20 - 25,22.50 
03 เม.ย. 2567,20 - 25,22.50 
04 เม.ย. 2567,20 - 25,22.50 
05 เม.ย. 2567,20 - 25,22.50 
09 เม.ย. 2567,20 - 25,22.50 
10 เม.ย. 2567,20 - 25,22.50 
11 เม.ย. 2567,20 - 25,22.50 
17 เม.ย. 2567,25 - 30,27.50 
18 เม.ย. 2567,25 - 30,27.50 
19 เม.ย. 2567,25 - 30,27.50 
22 เม.ย. 2567,25 - 30,27.50 
23 เม.ย. 2567,25 - 30,27.50 
24 เม.ย. 2567,25 - 30,27.50 
25 เม.ย. 2567,25 - 30,27.50 
26 เม.ย. 2567,25 - 30,27.50 
29 เม.ย. 2567,25 - 30,27.50 
30 เม.ย. 2567,25 - 30,27.50 
01 พ.ค. 2567,30 - 35,32.50 
02 พ.ค. 2567,30 - 35,32.50 
03 พ.ค. 2567,30 - 40,35.00 
07 พ.ค. 2567,35 - 45,40.00 
08 พ.ค. 2567,35 - 45,40.00 
09 พ.ค. 2567,35 - 45,40.00 
13 พ.ค. 2567,35 - 45,40.00 
14 พ.ค. 2567,35 - 45,40.00 
15 พ.ค. 2567,30 - 35,32.50 
16 พ.ค. 2567,30 - 35,32.50 
17 พ.ค. 2567,30 - 35,32.50 
20 พ.ค. 2567,35 - 40,37.50 
21 พ.ค. 2567,35 - 40,37.50 
23 พ.ค. 2567,35 - 40,37.50 
24 พ.ค. 2567,35 - 40,37.50 
27 พ.ค. 2567,35 - 40,37.50 
28 พ.ค. 2567,35 - 40,37.50 
29 พ.ค. 2567,35 - 40,37.50 
30 พ.ค. 2567,40 - 45,42.50 
31 พ.ค. 2567,40 - 45,42.50 
04 มิ.ย. 2567,30 - 35,32.50 
05 มิ.ย. 2567,30 - 35,32.50 
06 มิ.ย. 2567,30 - 35,32.50 
07 มิ.ย. 2567,30 - 35,32.50 
10 มิ.ย. 2567,25 - 30,27.50 
11 มิ.ย. 2567,25 - 30,27.50 
12 มิ.ย. 2567,25 - 30,27.50 
13 มิ.ย. 2567,20 - 25,22.50 
14 มิ.ย. 2567,20 - 25,22.50 
17 มิ.ย. 2567,20 - 25,22.50 
18 มิ.ย. 2567,20 - 25,22.50 
19 มิ.ย. 2567,20 - 25,22.50 
20 มิ.ย. 2567,20 - 25,22.50 
21 มิ.ย. 2567,20 - 25,22.50 
24 มิ.ย. 2567,15 - 20,17.50 
25 มิ.ย. 2567,15 - 20,17.50 
26 มิ.ย. 2567,15 - 20,17.50 
27 มิ.ย. 2567,20 - 25,22.50 
28 มิ.ย. 2567,20 - 25,22.50 
01 ก.ค. 2567,20 - 25,22.50 
02 ก.ค. 2567,15 - 20,17.50 
03 ก.ค. 2567,15 - 20,17.50 
04 ก.ค. 2567,15 - 20,17.50 
05 ก.ค. 2567,15 - 20,17.50 
08 ก.ค. 2567,20 - 25,22.50 
09 ก.ค. 2567,20 - 25,22.50 
10 ก.ค. 2567,20 - 25,22.50 
11 ก.ค. 2567,20 - 25,22.50 
12 ก.ค. 2567,20 - 25,22.50 
15 ก.ค. 2567,20 - 25,22.50 
16 ก.ค. 2567,20 - 25,22.50 
17 ก.ค. 2567,20 - 25,22.50 
18 ก.ค. 2567,20 - 25,22.50 
19 ก.ค. 2567,25 - 30,27.50 
23 ก.ค. 2567,25 - 30,27.50 
24 ก.ค. 2567,25 - 30,27.50 
25 ก.ค. 2567,25 - 30,27.50 
26 ก.ค. 2567,25 - 30,27.50 
30 ก.ค. 2567,20 - 25,22.50 
31 ก.ค. 2567,20 - 25,22.50 
01 ส.ค. 2567,25 - 30,27.50 
02 ส.ค. 2567,25 - 30,27.50 
05 ส.ค. 2567,30 - 35,32.50 
06 ส.ค. 2567,35 - 40,37.50 
07 ส.ค. 2567,35 - 40,37.50 
08 ส.ค. 2567,35 - 40,37.50 
09 ส.ค. 2567,30 - 35,32.50 
13 ส.ค. 2567,35 - 40,37.50 
14 ส.ค. 2567,35 - 40,37.50 
15 ส.ค. 2567,35 - 40,37.50 
16 ส.ค. 2567,35 - 40,37.50 
19 ส.ค. 2567,35 - 40,37.50 
20 ส.ค. 2567,35 - 40,37.50 
21 ส.ค. 2567,35 - 40,37.50 
22 ส.ค. 2567,30 - 35,32.50 
23 ส.ค. 2567,30 - 35,32.50 
26 ส.ค. 2567,25 - 30,27.50 
27 ส.ค. 2567,25 - 30,27.50 
28 ส.ค. 2567,25 - 30,27.50 
29 ส.ค. 2567,25 - 30,27.50 
30 ส.ค. 2567,25 - 30,27.50 
02 ก.ย. 2567,25 - 30,27.50 
03 ก.ย. 2567,25 - 30,27.50 
04 ก.ย. 2567,25 - 30,27.50 
05 ก.ย. 2567,25 - 30,27.50 
06 ก.ย. 2567,25 - 30,27.50 
09 ก.ย. 2567,20 - 25,22.50 
10 ก.ย. 2567,20 - 25,22.50 
11 ก.ย. 2567,20 - 25,22.50 
12 ก.ย. 2567,20 - 25,22.50 
13 ก.ย. 2567,20 - 25,22.50 
16 ก.ย. 2567,20 - 25,22.50 
17 ก.ย. 2567,20 - 25,22.50 
18 ก.ย. 2567,20 - 25,22.50 
19 ก.ย. 2567,20 - 25,22.50 
20 ก.ย. 2567,20 - 25,22.50 
23 ก.ย. 2567,20 - 25,22.50 
24 ก.ย. 2567,15 - 20,17.50 
25 ก.ย. 2567,15 - 20,17.50 
26 ก.ย. 2567,15 - 20,17.50 
27 ก.ย. 2567,15 - 20,17.50 
30 ก.ย. 2567,15 - 20,17.50 
01 ต.ค. 2567,20 - 25,22.50 
02 ต.ค. 2567,20 - 25,22.50 
03 ต.ค. 2567,20 - 25,22.50 
04 ต.ค. 2567,20 - 25,22.50 
07 ต.ค. 2567,20 - 25,22.50 
08 ต.ค. 2567,20 - 25,22.50 
09 ต.ค. 2567,20 - 25,22.50 
10 ต.ค. 2567,20 - 25,22.50 
11 ต.ค. 2567,20 - 25,22.50 
15 ต.ค. 2567,20 - 25,22.50 
16 ต.ค. 2567,20 - 25,22.50 
17 ต.ค. 2567,20 - 25,22.50 
18 ต.ค. 2567,20 - 25,22.50 
21 ต.ค. 2567,20 - 25,22.50 
22 ต.ค. 2567,20 - 25,22.50 
24 ต.ค. 2567,20 - 25,22.50 
25 ต.ค. 2567,20 - 25,22.50 
28 ต.ค. 2567,25 - 30,27.50 
29 ต.ค. 2567,30 - 35,32.50 
30 ต.ค. 2567,30 - 35,32.50 
31 ต.ค. 2567,30 - 35,32.50 
01 พ.ย. 2567,25 - 30,27.50 
04 พ.ย. 2567,25 - 30,27.50 
05 พ.ย. 2567,25 - 30,27.50 
06 พ.ย. 2567,25 - 30,27.50 
07 พ.ย. 2567,25 - 30,27.50 
08 พ.ย. 2567,25 - 30,27.50 
11 พ.ย. 2567,25 - 30,27.50 
12 พ.ย. 2567,25 - 30,27.50 
13 พ.ย. 2567,25 - 30,27.50 
14 พ.ย. 2567,25 - 30,27.50 
15 พ.ย. 2567,25 - 30,27.50 
18 พ.ย. 2567,20 - 25,22.50 
19 พ.ย. 2567,20 - 25,22.50 
20 พ.ย. 2567,20 - 25,22.50 
21 พ.ย. 2567,20 - 25,22.50 
22 พ.ย. 2567,25 - 30,27.50 
25 พ.ย. 2567,20 - 25,22.50 
26 พ.ย. 2567,20 - 25,22.50 
27 พ.ย. 2567,20 - 25,22.50 
28 พ.ย. 2567,20 - 25,22.50 
29 พ.ย. 2567,20 - 25,22.50 
02 ธ.ค. 2567,20 - 25,22.50 
03 ธ.ค. 2567,20 - 25,22.50 
04 ธ.ค. 2567,20 - 25,22.50 
06 ธ.ค. 2567,20 - 25,22.50 
09 ธ.ค. 2567,20 - 25,22.50 
11 ธ.ค. 2567,20 - 25,22.50 
12 ธ.ค. 2567,20 - 25,22.50 
13 ธ.ค. 2567,20 - 25,22.50 
16 ธ.ค. 2567,20 - 25,22.50 
17 ธ.ค. 2567,20 - 25,22.50 
18 ธ.ค. 2567,25 - 30,27.50 
19 ธ.ค. 2567,30 - 35,32.50 
20 ธ.ค. 2567,25 - 30,27.50 
23 ธ.ค. 2567,25 - 30,27.50 
24 ธ.ค. 2567,20 - 25,22.50 
25 ธ.ค. 2567,20 - 25,22.50 
26 ธ.ค. 2567,20 - 25,22.50 
27 ธ.ค. 2567,20 - 25,22.50 
02 ม.ค. 2568,20 - 25,22.50 
03 ม.ค. 2568,18 - 20,19.00 
06 ม.ค. 2568,18 - 20,19.00 
07 ม.ค. 2568,18 - 20,19.00 
08 ม.ค. 2568,18 - 20,19.00 
09 ม.ค. 2568,20 - 22,21.00 
10 ม.ค. 2568,20 - 22,21.00 
13 ม.ค. 2568,20 - 22,21.00 
14 ม.ค. 2568,20 - 22,21.00 
15 ม.ค. 2568,20 - 22,21.00 
16 ม.ค. 2568,15 - 20,17.50 
17 ม.ค. 2568,15 - 20,17.50 
20 ม.ค. 2568,15 - 20,17.50 
21 ม.ค. 2568,15 - 20,17.50 
22 ม.ค. 2568,15 - 20,17.50 
23 ม.ค. 2568,15 - 20,17.50 
24 ม.ค. 2568,15 - 20,17.50 
27 ม.ค. 2568,15 - 20,17.50 
28 ม.ค. 2568,15 - 20,17.50 
29 ม.ค. 2568,15 - 20,17.50 
30 ม.ค. 2568,15 - 20,17.50 
31 ม.ค. 2568,15 - 20,17.50 
03 ก.พ. 2568,15 - 20,17.50 
04 ก.พ. 2568,15 - 20,17.50 
05 ก.พ. 2568,15 - 20,17.50 
06 ก.พ. 2568,15 - 20,17.50 
07 ก.พ. 2568,15 - 20,17.50 
10 ก.พ. 2568,15 - 20,17.50 
11 ก.พ. 2568,15 - 20,17.50 
13 ก.พ. 2568,15 - 20,17.50 
14 ก.พ. 2568,15 - 20,17.50 
17 ก.พ. 2568,20 - 25,22.50 
18 ก.พ. 2568,20 - 25,22.50 
19 ก.พ. 2568,20 - 25,22.50 
20 ก.พ. 2568,20 - 25,22.50 
21 ก.พ. 2568,20 - 25,22.50 
24 ก.พ. 2568,25 - 30,27.50 
25 ก.พ. 2568,25 - 30,27.50 
26 ก.พ. 2568,25 - 30,27.50 
27 ก.พ. 2568,25 - 30,27.50 
28 ก.พ. 2568,25 - 30,27.50 
03 มี.ค. 2568,30 - 35,32.50 
04 มี.ค. 2568,35 - 40,37.50 
05 มี.ค. 2568,35 - 40,37.50 
06 มี.ค. 2568,35 - 40,37.50 
07 มี.ค. 2568,35 - 40,37.50 
10 มี.ค. 2568,30 - 35,32.50 
11 มี.ค. 2568,30 - 35,32.50 
12 มี.ค. 2568,30 - 35,32.50 
13 มี.ค. 2568,30 - 35,32.50 
14 มี.ค. 2568,30 - 35,32.50 
17 มี.ค. 2568,35 - 40,37.50 
18 มี.ค. 2568,35 - 40,37.50 
19 มี.ค. 2568,30 - 35,32.50 
20 มี.ค. 2568,30 - 35,32.50 
21 มี.ค. 2568,25 - 30,27.50 
24 มี.ค. 2568,25 - 30,27.50 
25 มี.ค. 2568,25 - 30,27.50 
26 มี.ค. 2568,25 - 30,27.50 
27 มี.ค. 2568,20 - 25,22.50 
