date,average_rainfall,average_temp,average_humidity
2021-01-01,0.7768934531450583,21.42,70.5
2021-01-02,0.5956015523932731,21.27,71.65
2021-01-03,2.3640362225097027,22.62,72.17
2021-01-04,1.2805194805194808,23.49,73.78
2021-01-05,6.369170984455956,24.64,73.84
2021-01-06,3.702975420439842,25.29,74.96
2021-01-07,0.9357702349869452,25.58,75.44
2021-01-08,0.2727037516170764,25.01,73.73
2021-01-09,0.6624516129032253,23.23,70.94
2021-01-10,1.1624195624195626,22.83,72.15
2021-01-11,0.5837837837837836,22.68,70.57
2021-01-12,0.2432989690721649,19.79,65.41
2021-01-13,0.1994845360824741,19.82,68.15
2021-01-14,0.0723514211886305,21.41,72.49
2021-01-15,0.067012987012987,22.78,73.4
2021-01-16,0.2391699092088197,23.66,74.44
2021-01-17,0.0825355756791721,24.11,72.6
2021-01-18,0.1002577319587629,22.49,68.25
2021-01-19,0.0306306306306306,21.21,70.38
2021-01-20,0.0377260981912144,22.01,71.07
2021-01-21,0.0211340206185566,22.76,71.11
2021-01-22,0.1498059508408797,23.6,70.99
2021-01-23,0.0813953488372093,24.34,70.96
2021-01-24,0.1703896103896104,25.07,72.48
2021-01-25,0.0702072538860103,25.61,73.4
2021-01-26,0.0917861799217731,25.71,72.96
2021-01-27,0.2213820078226858,25.97,73.33
2021-01-28,0.0853055916775032,26.45,72.74
2021-01-29,0.2300518134715025,25.55,69.95
2021-01-30,0.919844357976654,24.91,71.58
2021-01-31,0.2002597402597401,25.02,72.21
2021-02-01,0.2444444444444444,25.61,71.67
2021-02-02,0.0475324675324675,26.01,70.52
2021-02-03,0.106111833550065,25.9,69.42
2021-02-04,0.0245795601552393,25.4,68.34
2021-02-05,0.0378865979381443,25.37,68.74
2021-02-06,0.0579560155239327,25.65,68.89
2021-02-07,0.693523316062176,26.04,70.44
2021-02-08,6.617829457364341,25.63,76.83
2021-02-09,5.13832258064516,24.07,81.43
2021-02-10,0.1540051679586565,24.15,74.8
2021-02-11,0.122680412371134,24.37,70.91
2021-02-12,0.1601542416452442,24.91,69.9
2021-02-13,0.0308087291399229,25.36,70.04
2021-02-14,0.0265463917525773,25.73,70.42
2021-02-15,0.0283505154639175,25.97,70.37
2021-02-16,0.0633204633204633,26.35,71.87
2021-02-17,0.0990990990990991,26.44,71.6
2021-02-18,0.0876288659793814,25.81,67.37
2021-02-19,0.0910025706940874,25.01,66.53
2021-02-20,0.0952258064516129,25.0,67.02
2021-02-21,0.0858974358974359,25.36,68.1
2021-02-22,0.0568854568854569,26.09,68.35
2021-02-23,0.0772200772200772,26.61,69.64
2021-02-24,0.0677002583979328,27.23,70.05
2021-02-25,0.0571428571428571,27.95,67.62
2021-02-26,0.0296010296010295,27.59,64.26
2021-02-27,0.0656370656370656,27.17,65.0
2021-02-28,0.1117117117117117,27.14,68.05
2021-03-01,0.1613899613899614,27.5,69.57
2021-03-02,0.4332046332046328,27.96,69.9
2021-03-03,4.478451612903225,27.31,75.27
2021-03-04,0.4900900900900896,27.97,75.91
2021-03-05,1.4187660668380468,28.52,72.37
2021-03-06,0.7066838046272489,28.12,70.67
2021-03-07,1.153470437017996,27.97,70.29
2021-03-08,0.9183568677792048,27.17,73.25
2021-03-09,0.6882051282051276,27.54,72.45
2021-03-10,0.6277634961439582,27.77,71.69
2021-03-11,0.232904884318766,28.21,71.33
2021-03-12,0.7160462130937101,28.38,71.46
2021-03-13,0.1244215938303341,28.34,71.2
2021-03-14,0.3568677792041076,28.21,71.79
2021-03-15,0.1543814432989691,28.71,71.69
2021-03-16,0.2074646074646073,28.93,71.51
2021-03-17,0.1884318766066837,29.1,71.67
2021-03-18,0.1119691119691119,29.53,71.15
2021-03-19,0.0473616473616473,29.98,70.42
2021-03-20,0.1211340206185567,30.26,69.81
2021-03-21,2.285012919896642,30.13,70.66
2021-03-22,0.9267352185089974,27.88,72.17
2021-03-23,1.2434782608695656,27.82,67.53
2021-03-24,2.3298335467349567,28.57,69.03
2021-03-25,0.2681177976952622,29.46,69.76
2021-03-26,2.021510883482716,29.73,71.55
2021-03-27,0.4216836734693875,30.11,71.21
2021-03-28,3.457544757033249,30.27,70.6
2021-03-29,1.1982142857142868,30.45,69.08
2021-03-30,1.2779054916985952,30.08,68.95
2021-03-31,0.9758269720101784,30.18,68.18
2021-04-01,1.5111959287531818,30.41,68.12
2021-04-02,1.1609137055837566,30.33,69.15
2021-04-03,4.861343472750316,30.25,71.77
2021-04-04,10.891878172588829,26.72,84.35
2021-04-05,7.83710292249046,26.64,83.97
2021-04-06,7.712294043092523,26.65,82.91
2021-04-07,3.4060377358490586,27.48,79.2
2021-04-08,1.1335012594458451,28.67,76.23
2021-04-09,1.985408805031448,28.79,75.85
2021-04-10,2.9562264150943407,28.75,76.08
2021-04-11,2.488553459119497,28.75,76.89
2021-04-12,2.755220125786166,28.89,76.84
2021-04-13,3.653701380175664,28.93,76.84
2021-04-14,5.49209535759096,28.24,78.35
2021-04-15,0.9551637279596976,28.84,75.34
2021-04-16,5.837074401008823,28.8,77.04
2021-04-17,5.313784461152879,28.19,80.02
2021-04-18,6.993984962406001,27.96,81.13
2021-04-19,2.9332496863237143,28.01,80.38
2021-04-20,1.750626566416042,29.02,77.41
2021-04-21,1.3143929912390488,29.65,76.43
2021-04-22,1.900000000000002,29.98,75.92
2021-04-23,2.465331664580728,30.14,75.48
2021-04-24,1.673525721455459,30.36,74.91
2021-04-25,4.087578419071513,30.16,75.81
2021-04-26,8.195728643216059,28.96,78.11
2021-04-27,5.685390428211581,26.93,84.71
2021-04-28,9.750753768844213,27.6,83.2
2021-04-29,9.345477386934665,26.75,85.62
2021-04-30,4.82085427135678,27.41,83.27
2021-05-01,3.776913425345039,27.75,83.41
2021-05-02,4.196992481203007,28.48,81.56
2021-05-03,0.9155388471177948,29.44,77.93
2021-05-04,2.202756892230579,30.19,76.17
2021-05-05,4.872180451127815,29.91,75.76
2021-05-06,7.114824120603,27.49,82.17
2021-05-07,1.6175658720200774,28.59,79.16
2021-05-08,5.455276381909536,28.96,78.96
2021-05-09,0.6914572864321611,29.07,78.31
2021-05-10,1.2075471698113214,29.97,76.53
2021-05-11,2.1104665825977325,30.34,75.84
2021-05-12,1.994962216624688,30.63,75.17
2021-05-13,2.0494325346784383,30.6,75.27
2021-05-14,1.6002518891687676,30.8,75.13
2021-05-15,2.7314861460957203,30.62,76.44
2021-05-16,1.997477931904163,30.57,76.62
2021-05-17,2.5159748427672977,30.91,75.75
2021-05-18,2.6027672955974857,30.45,77.85
2021-05-19,3.890428211586901,30.35,77.3
2021-05-20,1.3490542244640609,30.42,76.61
2021-05-21,2.94981084489281,30.66,75.5
2021-05-22,2.521717171717172,30.63,74.32
2021-05-23,1.7947169811320771,31.03,71.8
2021-05-24,8.603778337531484,30.5,73.33
2021-05-25,5.341235813366954,28.69,80.59
2021-05-26,4.328877679697354,28.97,80.49
2021-05-27,9.837783375314851,29.03,80.45
2021-05-28,5.069182389937102,28.32,84.25
2021-05-29,2.7339195979899533,29.2,81.35
2021-05-30,1.5580000000000007,29.8,78.98
2021-05-31,1.3855000000000004,30.52,76.64
2021-06-01,1.4511221945137154,31.08,74.66
2021-06-02,1.474221668742217,31.33,73.8
2021-06-03,1.982793017456359,31.38,73.95
2021-06-04,5.287671232876709,31.02,74.8
2021-06-05,4.784059775840596,29.85,77.16
2021-06-06,6.17185554171855,29.3,78.16
2021-06-07,5.240099626400992,28.58,80.6
2021-06-08,6.87198007471979,28.4,81.19
2021-06-09,7.373848069738473,27.86,83.46
2021-06-10,4.793266832917706,27.43,83.73
2021-06-11,4.541220423412202,28.02,81.32
2021-06-12,4.108955223880595,27.74,82.12
2021-06-13,9.147329192546566,27.09,84.81
2021-06-14,4.803980099502484,27.22,84.58
2021-06-15,2.8260545905707217,27.67,83.32
2021-06-16,3.914782608695646,28.22,81.54
2021-06-17,2.9329192546583864,28.56,80.02
2021-06-18,1.3176616915422883,29.41,76.3
2021-06-19,2.8909090909090875,29.84,74.42
2021-06-20,3.466251556662518,30.13,73.45
2021-06-21,1.0495641344956423,30.07,73.66
2021-06-22,2.068329177057357,29.92,74.56
2021-06-23,2.9593516209476327,29.38,76.16
2021-06-24,2.4180225281602032,29.29,76.0
2021-06-25,1.9879245283018887,29.17,76.26
2021-06-26,1.9527638190954804,29.34,77.97
2021-06-27,6.444221105527626,29.36,78.51
2021-06-28,5.820828105395222,28.12,82.11
2021-06-29,2.5790668348045416,28.82,79.41
2021-06-30,3.095707070707071,29.03,78.14
2021-07-01,3.202522068095837,29.3,77.07
2021-07-02,1.573115577889448,29.41,77.33
2021-07-03,1.202015113350126,30.03,74.86
2021-07-04,1.5869017632241815,30.77,73.17
2021-07-05,3.767506297229214,30.72,74.23
2021-07-06,8.521662468513851,28.21,82.25
2021-07-07,8.637878787878785,28.11,82.85
2021-07-08,11.557682619647345,27.52,85.11
2021-07-09,14.21511335012594,27.32,86.44
2021-07-10,14.23320754716979,27.04,87.31
2021-07-11,3.2070440251572347,27.63,85.8
2021-07-12,3.233417085427135,28.47,82.62
2021-07-13,3.193198992443323,29.0,80.69
2021-07-14,8.584654088050307,28.34,83.29
2021-07-15,9.449559748427658,27.44,85.17
2021-07-16,2.566834170854274,28.2,83.05
2021-07-17,2.977861635220125,29.05,80.47
2021-07-18,3.260050251256279,28.69,80.82
2021-07-19,4.402010050251258,27.8,81.97
2021-07-20,3.724652338811623,27.86,82.13
2021-07-21,2.280808080808084,28.19,82.02
2021-07-22,4.280808080808082,28.49,81.72
2021-07-23,4.037626262626259,27.54,85.07
2021-07-24,10.249557522123888,26.93,88.1
2021-07-25,6.016940581542348,26.89,87.0
2021-07-26,2.9397225725094547,27.81,83.24
2021-07-27,2.341919191919197,28.41,81.53
2021-07-28,3.006826801517066,28.37,82.91
2021-07-29,6.333501896333746,28.9,81.06
2021-07-30,3.3696969696969648,28.93,80.63
2021-07-31,4.090265486725663,28.97,80.54
2021-08-01,2.042676767676769,28.81,79.39
2021-08-02,3.62222222222222,28.72,79.07
2021-08-03,4.184848484848486,28.22,81.31
2021-08-04,2.0823232323232364,28.52,80.83
2021-08-05,2.5298734177215207,28.81,80.72
2021-08-06,2.822813688212928,28.78,81.1
2021-08-07,1.356400506970849,29.38,78.95
2021-08-08,0.8939240506329116,29.99,77.33
2021-08-09,1.983269961977188,30.27,77.09
2021-08-10,3.304942965779468,29.81,79.56
2021-08-11,8.193662864385297,28.48,84.0
2021-08-12,4.056345177664976,28.76,82.48
2021-08-13,8.09367088607594,28.44,83.01
2021-08-14,7.187055837563444,27.52,85.58
2021-08-15,8.861421319796955,26.82,87.57
2021-08-16,4.23852978453739,27.4,85.19
2021-08-17,2.024841571609633,28.6,81.03
2021-08-18,2.451269035532997,29.31,78.69
2021-08-19,4.124523506988563,28.79,80.04
2021-08-20,5.423439490445854,28.74,81.2
2021-08-21,2.9841836734693894,28.84,81.11
2021-08-22,2.6038167938931327,29.24,79.54
2021-08-23,2.737579617834395,29.39,78.49
2021-08-24,8.867261146496812,28.62,80.9
2021-08-25,11.67806122448979,28.13,82.76
2021-08-26,10.106734434561616,27.55,85.08
2021-08-27,8.582719186785248,26.97,86.75
2021-08-28,6.528843710292246,27.14,85.97
2021-08-29,5.539872611464965,27.62,84.58
2021-08-30,5.720254777070058,28.09,84.01
2021-08-31,6.609183673469373,27.73,85.84
2021-09-01,6.2368956743002535,27.58,85.76
2021-09-02,7.889199491740789,27.65,84.92
2021-09-03,4.231162196679434,27.27,85.01
2021-09-04,4.829591836734696,27.72,83.32
2021-09-05,3.866151866151864,27.36,84.51
2021-09-06,5.368637532133673,27.97,83.17
2021-09-07,8.84184852374839,27.87,85.16
2021-09-08,16.442105263157895,27.3,86.44
2021-09-09,14.254241645244225,26.4,88.93
2021-09-10,8.32682926829267,27.3,86.94
2021-09-11,3.5163029525032057,27.82,84.54
2021-09-12,2.5234536082474253,28.43,81.66
2021-09-13,7.913256113256109,28.47,81.2
2021-09-14,5.83483870967741,27.2,86.13
2021-09-15,8.309443725743836,27.51,87.23
2021-09-16,6.024484536082464,27.45,86.51
2021-09-17,2.860206718346256,27.93,84.39
2021-09-18,3.696382428940565,28.74,82.0
2021-09-19,8.634064516129017,28.15,84.17
2021-09-20,12.358193548387092,27.2,86.71
2021-09-21,12.73574193548388,26.79,87.64
2021-09-22,10.954628422425024,26.8,88.02
2021-09-23,7.47718383311603,27.49,85.9
2021-09-24,10.463885267275094,27.31,86.45
2021-09-25,19.05625000000002,26.02,90.1
2021-09-26,7.558800521512384,26.06,89.19
2021-09-27,6.69335071707953,27.14,86.7
2021-09-28,3.4505867014341574,28.13,84.29
2021-09-29,3.18929503916449,29.12,82.28
2021-09-30,2.5058670143415918,29.38,82.18
2021-10-01,5.148370273793999,28.74,83.62
2021-10-02,4.008344198174705,28.31,83.78
2021-10-03,3.0597131681877445,28.46,82.8
2021-10-04,3.4664928292046926,28.38,82.69
2021-10-05,5.025454545454543,28.43,81.68
2021-10-06,7.94993514915694,27.57,84.94
2021-10-07,3.831047865459248,27.89,83.96
2021-10-08,2.69819587628866,28.44,82.88
2021-10-09,2.543814432989693,28.67,82.59
2021-10-10,4.481081081081077,28.83,81.75
2021-10-11,7.667008985879322,27.86,84.92
2021-10-12,10.644415917843382,27.75,85.63
2021-10-13,4.064010282776348,27.79,84.18
2021-10-14,8.982519280205649,27.06,86.59
2021-10-15,9.519537275064271,26.28,88.91
2021-10-16,10.258172458172448,26.57,87.6
2021-10-17,7.340232858990949,25.12,87.93
2021-10-18,2.08397932816538,25.45,86.44
2021-10-19,3.578974358974359,27.02,85.55
2021-10-20,2.2125480153649173,28.14,84.15
2021-10-21,6.46607142857142,27.99,85.25
2021-10-22,7.249808429118765,26.97,86.07
2021-10-23,5.084802043422729,26.22,84.77
2021-10-24,4.021455938697317,26.59,82.03
2021-10-25,1.616133162612036,26.75,80.71
2021-10-26,0.9242966751918166,27.16,79.71
2021-10-27,2.130690537084399,27.27,80.02
2021-10-28,5.609462915601016,26.54,84.3
2021-10-29,3.410755441741356,27.18,85.38
2021-10-30,6.484615384615377,27.31,85.8
2021-10-31,4.123076923076921,27.15,86.11
2021-11-01,3.3907810499359803,27.56,84.9
2021-11-02,3.3691516709511573,27.54,84.64
2021-11-03,1.801034928848643,27.64,83.13
2021-11-04,2.485494223363288,27.64,82.97
2021-11-05,1.0980744544287564,28.04,81.73
2021-11-06,4.171428571428571,27.98,82.39
2021-11-07,1.9029677419354865,28.38,82.0
2021-11-08,2.595607235142121,27.54,81.95
2021-11-09,2.9785806451612915,26.54,80.78
2021-11-10,4.428129032258064,25.78,80.62
2021-11-11,6.971685971685964,25.81,80.15
2021-11-12,7.647361647361643,26.1,81.32
2021-11-13,3.0333333333333328,25.78,80.92
2021-11-14,2.597680412371136,25.94,80.46
2021-11-15,2.199226804123713,26.91,79.89
2021-11-16,3.1631443298969053,27.14,81.64
2021-11-17,7.927155727155723,27.39,81.58
2021-11-18,4.672634271099746,27.31,81.44
2021-11-19,2.0336734693877574,27.7,80.81
2021-11-20,1.3123076923076935,28.24,80.38
2021-11-21,1.629449423815621,28.05,80.53
2021-11-22,1.9928297055057629,27.72,80.34
2021-11-23,6.275032010243277,26.28,81.03
2021-11-24,3.2338461538461494,25.65,78.92
2021-11-25,3.2564495530012767,25.53,78.97
2021-11-26,1.7428205128205123,25.63,78.71
2021-11-27,1.2800000000000005,25.35,76.71
2021-11-28,5.372599231754163,25.1,76.05
2021-11-29,5.992337164750954,24.94,77.07
2021-11-30,3.1077905491698603,24.9,75.01
2021-12-01,9.202043422733077,24.51,73.27
2021-12-02,3.9771794871794857,23.48,74.91
2021-12-03,1.3833971902937428,23.3,73.07
2021-12-04,0.5011494252873561,22.41,71.72
2021-12-05,0.0668373879641485,21.79,70.87
2021-12-06,0.0475578406169666,22.53,70.99
2021-12-07,0.099614890885751,23.13,70.84
2021-12-08,0.1503856041131105,23.32,72.19
2021-12-09,0.7482714468629962,24.62,74.32
2021-12-10,0.8218790218790217,25.3,76.08
2021-12-11,0.1239690721649485,25.19,75.27
2021-12-12,0.0694980694980695,24.85,74.22
2021-12-13,0.7793281653746766,24.59,74.29
2021-12-14,0.6562905317769125,24.3,75.03
2021-12-15,0.3704663212435232,24.57,76.34
2021-12-16,4.137789203084831,24.85,76.36
2021-12-17,3.5558408215661106,25.11,76.01
2021-12-18,1.7825417201540434,25.13,73.29
2021-12-19,0.5543367346938775,23.44,72.92
2021-12-20,0.2606914212548015,22.82,73.21
2021-12-21,0.2792838874680305,23.15,75.5
2021-12-22,0.148974358974359,23.98,75.57
2021-12-23,0.3092307692307692,24.62,75.94
2021-12-24,0.2681992337164749,25.1,78.06
2021-12-25,1.5184713375796184,25.32,79.47
2021-12-26,0.4904214559386969,25.55,78.7
2021-12-27,0.0542199488491048,25.74,75.82
2021-12-28,0.2350832266325224,25.24,73.61
2021-12-29,4.165641025641023,25.57,74.18
2021-12-30,2.8398467432950194,25.56,74.93
2021-12-31,0.6805128205128209,25.06,74.55
2022-01-01,0.98974358974359,24.71,74.19
2022-01-02,0.8965250965250963,24.63,74.14
2022-01-03,0.8431673052362705,24.52,74.88
2022-01-04,0.3284615384615383,24.75,75.75
2022-01-05,0.2585365853658536,24.97,75.22
2022-01-06,0.0980544747081711,25.22,73.78
2022-01-07,0.1855109961190168,25.35,73.82
2022-01-08,0.2166449934980493,25.41,73.89
2022-01-09,0.0355844155844155,25.31,73.73
2022-01-10,0.0551365409622886,25.41,72.86
2022-01-11,0.0620957309184993,25.39,72.97
2022-01-12,0.0526992287917738,24.9,75.04
2022-01-13,0.0395939086294416,25.48,74.39
2022-01-14,0.0436692506459948,25.78,72.71
2022-01-15,0.3314432989690719,25.4,73.71
2022-01-16,1.1729032258064522,25.26,75.46
2022-01-17,0.3434108527131782,25.53,75.1
2022-01-18,0.4817948717948715,25.35,73.61
2022-01-19,0.876546391752577,24.8,73.56
2022-01-20,1.4579487179487205,25.03,75.12
2022-01-21,2.7148717948717973,24.63,80.9
2022-01-22,2.0553846153846176,24.87,81.14
2022-01-23,0.2917525773195873,25.17,78.14
2022-01-24,0.1257731958762887,25.28,74.78
2022-01-25,0.0701164294954722,25.65,72.56
2022-01-26,0.0606451612903225,25.96,72.29
2022-01-27,0.328185328185328,26.12,73.33
2022-01-28,0.0472440944881889,26.42,73.06
2022-01-29,0.1484293193717277,26.79,72.71
2022-01-30,0.2112418300653594,26.42,71.09
2022-01-31,0.1958060288335517,25.8,72.08
2022-02-01,0.1853403141361257,25.67,73.79
2022-02-02,1.47303664921466,28.39,68.02
2022-02-03,1.501312335958006,26.13,75.94
2022-02-04,2.761045751633989,25.67,77.06
2022-02-05,2.066143790849674,24.67,77.64
2022-02-06,0.6041775456919057,25.35,75.05
2022-02-07,1.4614775725593676,26.44,74.38
2022-02-08,0.8765171503957789,26.88,72.97
2022-02-09,0.8806324110671943,26.86,74.15
2022-02-10,0.4871862615587842,26.88,74.76
2022-02-11,3.2711640211640223,26.74,76.77
2022-02-12,1.3318421052631595,26.64,78.2
2022-02-13,1.7976284584980238,27.06,76.52
2022-02-14,6.424736842105259,26.27,78.13
2022-02-15,5.138076416337272,25.18,81.97
2022-02-16,6.778947368421049,25.49,83.74
2022-02-17,1.8832684824902783,26.01,84.44
2022-02-18,4.589378238341968,27.23,82.11
2022-02-19,4.590897269180748,27.52,81.98
2022-02-20,4.1427083333333306,26.07,81.88
2022-02-21,0.967792207792208,24.08,79.02
2022-02-22,0.7828571428571425,24.63,75.51
2022-02-23,1.7607792207792212,24.83,73.39
2022-02-24,5.848186528497406,24.29,70.93
2022-02-25,11.418628719275551,24.03,72.11
2022-02-26,8.684046692607007,24.84,71.42
2022-02-27,1.7453125,25.59,71.81
2022-02-28,0.361038961038961,26.88,71.64
2022-03-01,0.4083224967490245,27.74,72.32
2022-03-02,0.7438961038961037,27.91,73.79
2022-03-03,0.4223376623376621,28.32,74.35
2022-03-04,0.802346805736636,28.73,74.78
2022-03-05,1.5443864229765023,29.1,74.65
2022-03-06,2.3587467362924293,28.97,75.76
2022-03-07,6.27565445026178,28.4,77.04
2022-03-08,1.881201044386425,26.82,78.17
2022-03-09,0.3715775749674052,28.07,75.25
2022-03-10,0.4104031209362807,28.98,74.17
2022-03-11,0.2974025974025973,29.26,73.99
2022-03-12,0.1815584415584416,29.82,73.69
2022-03-13,1.294285714285714,30.02,73.93
2022-03-14,1.052207792207792,29.94,74.91
2022-03-15,1.5283116883116905,29.99,74.7
2022-03-16,3.245654993514913,28.92,76.84
2022-03-17,2.1544631306597704,29.08,76.06
2022-03-18,6.2147477360931385,27.8,79.33
2022-03-19,4.32299741602067,27.78,78.99
2022-03-20,6.485862516212705,28.19,79.19
2022-03-21,3.2437823834196884,28.05,80.86
2022-03-22,5.691870967741931,28.4,80.39
2022-03-23,6.906064516129031,28.16,81.59
2022-03-24,3.1358974358974363,28.26,80.77
2022-03-25,2.7465473145780064,28.91,77.87
2022-03-26,0.7170918367346937,29.78,75.25
2022-03-27,2.9943949044586016,29.88,75.14
2022-03-28,4.9222363405336695,28.6,77.43
2022-03-29,4.735705209656922,28.3,77.87
2022-03-30,1.3213740458015268,28.65,77.42
2022-03-31,2.820838627700125,29.21,75.18
2022-04-01,6.669861286254723,28.28,75.34
2022-04-02,8.032282471626736,24.1,79.19
2022-04-03,2.4189155107187914,23.28,74.47
2022-04-04,4.421410579345088,25.74,69.5
2022-04-05,3.14382871536524,27.29,70.59
2022-04-06,2.178589420654913,28.29,71.76
2022-04-07,1.5806775407779174,27.77,70.78
2022-04-08,0.4338345864661652,27.51,68.99
2022-04-09,1.262828535669587,27.78,69.88
2022-04-10,0.3784461152882203,28.56,71.93
2022-04-11,1.3618569636135516,29.27,73.94
2022-04-12,1.211320754716981,29.84,73.25
2022-04-13,1.559245283018869,30.12,72.22
2022-04-14,1.237027707808565,30.25,71.79
2022-04-15,0.5769620253164552,30.62,70.52
2022-04-16,1.9709228824273064,30.53,71.56
2022-04-17,5.348484848484844,29.72,75.45
2022-04-18,8.058942065491177,28.47,79.17
2022-04-19,3.130314465408804,29.32,73.65
2022-04-20,3.718136020151131,28.3,76.58
2022-04-21,3.613366960907942,28.57,77.76
2022-04-22,2.209823677581867,29.02,78.03
2022-04-23,0.6176100628930812,30.01,75.6
2022-04-24,1.3124842370744012,30.72,73.99
2022-04-25,1.0607052896725444,31.02,73.71
2022-04-26,1.970780856423176,30.94,74.11
2022-04-27,0.2196473551637279,31.46,72.83
2022-04-28,11.921969696969697,31.08,74.18
2022-04-29,3.1122320302648125,28.88,77.88
2022-04-30,6.198992443324935,29.34,77.81
2022-05-01,11.811794228356346,28.15,81.65
2022-05-02,5.613032581453632,25.59,83.15
2022-05-03,4.44981226533167,25.25,77.16
2022-05-04,1.825031289111392,26.27,75.24
2022-05-05,4.236159600997503,28.19,75.06
2022-05-06,10.35024875621889,28.27,80.42
2022-05-07,14.189813664596294,27.36,85.94
2022-05-08,10.420621118012408,27.68,85.22
2022-05-09,7.495403726708061,28.05,84.66
2022-05-10,8.64651741293532,28.06,85.28
2022-05-11,7.645330012453288,28.1,85.29
2022-05-12,6.901990049751243,28.49,83.79
2022-05-13,2.8194271481942748,29.28,81.21
2022-05-14,2.998007471980075,29.88,79.49
2022-05-15,9.129763387297636,29.66,80.56
2022-05-16,11.43109452736318,28.49,82.31
2022-05-17,13.831094527363208,27.73,82.57
2022-05-18,8.664508094645075,27.82,83.57
2022-05-19,7.38306351183063,28.04,84.25
2022-05-20,11.428393524283916,27.85,85.09
2022-05-21,13.427182044887786,27.14,86.69
2022-05-22,4.816708229426429,27.59,84.07
2022-05-23,2.0736579275905136,28.77,80.2
2022-05-24,2.976029962546824,28.77,79.89
2022-05-25,2.583790523690774,29.01,79.27
2022-05-26,1.4117353308364555,29.32,78.29
2022-05-27,2.820474406991261,29.14,78.35
2022-05-28,6.240648379052366,28.76,79.45
2022-05-29,7.35730337078651,28.53,80.45
2022-05-30,5.5695000000000014,29.13,79.19
2022-05-31,4.4422500000000005,28.79,81.56
2022-06-01,4.011013767209009,29.18,80.39
2022-06-02,4.6315,29.5,79.21
2022-06-03,8.502999999999997,28.7,81.55
2022-06-04,7.872590738423019,28.2,82.74
2022-06-05,3.876749999999993,28.42,81.53
2022-06-06,4.044694132334582,28.7,79.85
2022-06-07,1.9857677902621729,28.57,78.72
2022-06-08,0.95575,28.59,78.21
2022-06-09,2.961999999999999,29.09,78.52
2022-06-10,3.206749999999999,29.11,78.95
2022-06-11,2.7775000000000016,29.12,78.4
2022-06-12,2.048060075093869,29.42,78.11
2022-06-13,2.1755000000000013,29.59,77.49
2022-06-14,5.712609238451929,29.29,79.62
2022-06-15,8.772034956304616,28.23,82.98
2022-06-16,3.350000000000002,28.57,81.82
2022-06-17,5.780774032459418,28.86,81.22
2022-06-18,1.0509363295880154,28.98,79.78
2022-06-19,3.3566084788029933,29.68,76.89
2022-06-20,4.365586034912715,29.45,76.48
2022-06-21,4.58505603985056,29.4,77.09
2022-06-22,3.301249999999998,29.17,78.0
2022-06-23,5.85860349127182,29.0,79.26
2022-06-24,5.561194029850742,28.5,81.33
2022-06-25,4.679104477611941,28.36,81.81
2022-06-26,3.4644278606965164,28.39,82.75
2022-06-27,3.789054726368159,28.75,81.46
2022-06-28,3.572602739726027,29.03,80.12
2022-06-29,4.313325031133243,29.53,78.48
2022-06-30,5.75486284289277,28.98,80.52
2022-07-01,7.825902864259025,28.66,81.08
2022-07-02,5.743890274314208,28.34,82.31
2022-07-03,4.022693266832919,28.75,81.4
2022-07-04,7.523690773067322,28.7,81.44
2022-07-05,2.9685393258427006,29.21,80.07
2022-07-06,5.506866416978772,28.95,81.52
2022-07-07,5.771285892634197,28.55,82.79
2022-07-08,11.70486891385768,28.25,83.24
2022-07-09,11.872817955112229,27.56,85.17
2022-07-10,7.4614232209737885,27.61,84.63
2022-07-11,11.569288389513105,27.45,85.45
2022-07-12,13.966958698372984,27.28,85.85
2022-07-13,8.65849999999999,26.6,87.2
2022-07-14,8.397253433208482,27.74,84.93
2022-07-15,3.471910112359548,28.66,83.14
2022-07-16,5.193499999999998,29.2,82.14
2022-07-17,2.0842500000000017,29.23,81.8
2022-07-18,2.204987531172072,30.16,78.67
2022-07-19,10.209203980099474,29.6,79.89
2022-07-20,15.634328358208982,28.44,83.82
2022-07-21,13.837965260545904,26.93,88.54
2022-07-22,11.72596273291926,27.34,86.58
2022-07-23,4.206956521739122,28.04,84.96
2022-07-24,4.048447204968941,28.55,83.51
2022-07-25,2.48298136645963,29.23,81.35
2022-07-26,3.811207970112079,29.47,80.77
2022-07-27,4.050497512437809,29.8,79.95
2022-07-28,3.534328358208952,29.54,81.03
2022-07-29,3.183830845771141,29.51,81.21
2022-07-30,7.138978829389781,29.33,81.86
2022-07-31,7.082440846824398,27.89,84.99
2022-08-01,9.49613947696139,27.5,86.28
2022-08-02,10.70624999999999,27.58,86.47
2022-08-03,6.242446941323337,28.25,84.12
2022-08-04,4.597755610972564,28.24,83.22
2022-08-05,2.86566791510612,27.96,82.74
2022-08-06,8.013965087281797,28.16,82.67
2022-08-07,14.2493765586035,27.49,85.23
2022-08-08,12.90350000000001,26.53,88.71
2022-08-09,6.018976279650433,27.28,85.42
2022-08-10,4.139076154806492,28.33,82.12
2022-08-11,10.106117353308356,28.02,83.16
2022-08-12,5.321446384039903,26.9,85.97
2022-08-13,2.924405506883605,28.27,82.31
2022-08-14,2.644918444165624,28.91,81.6
2022-08-15,17.196231155778896,28.14,84.37
2022-08-16,8.968805031446529,27.28,86.16
2022-08-17,5.815617128463477,27.76,83.98
2022-08-18,2.3225725094577574,28.44,81.88
2022-08-19,6.75390428211586,29.04,80.9
2022-08-20,12.266834804539718,27.85,84.21
2022-08-21,10.56111111111111,27.41,85.53
2022-08-22,3.2830808080808085,28.16,83.17
2022-08-23,1.9674653215636864,29.2,80.3
2022-08-24,11.67667087011348,29.4,81.07
2022-08-25,10.554040404040396,27.32,86.4
2022-08-26,9.411349306431266,26.65,88.19
2022-08-27,4.634552332912988,27.89,84.22
2022-08-28,3.531060606060604,29.22,81.37
2022-08-29,6.2224464060529465,28.04,84.95
2022-08-30,2.0898113207547206,28.86,82.39
2022-08-31,5.35516372795969,28.63,82.97
2022-09-01,4.91939546599496,28.65,83.24
2022-09-02,3.3174842767295605,29.15,82.81
2022-09-03,7.130062893081759,28.63,84.28
2022-09-04,6.604779874213834,28.56,84.02
2022-09-05,7.776381909547728,27.31,87.68
2022-09-06,9.357089084065242,27.97,85.35
2022-09-07,11.92380952380953,27.53,85.82
2022-09-08,12.27334167709637,26.41,89.01
2022-09-09,9.5285,27.06,87.93
2022-09-10,11.448310387984982,27.17,88.06
2022-09-11,7.354135338345862,27.11,87.73
2022-09-12,6.881053952321195,27.05,87.5
2022-09-13,6.618867924528294,27.81,85.08
2022-09-14,4.458218318695107,27.95,84.68
2022-09-15,4.119499999999998,28.28,83.38
2022-09-16,4.957894736842103,28.31,82.85
2022-09-17,7.2613065326633075,27.91,84.28
2022-09-18,8.785929648241202,27.48,86.08
2022-09-19,5.567879548306143,27.82,84.19
2022-09-20,6.129648241206025,27.66,83.73
2022-09-21,5.692481203007514,27.9,83.63
2022-09-22,8.547117794486207,27.34,85.93
2022-09-23,7.861480552070257,26.93,87.6
2022-09-24,11.996992481202998,27.07,87.55
2022-09-25,13.372932330827071,26.49,89.36
2022-09-26,9.77872340425531,26.43,89.07
2022-09-27,5.728499999999997,27.26,86.25
2022-09-28,15.381226533166458,26.73,87.76
2022-09-29,12.449937264742772,26.27,89.28
2022-09-30,12.449561952440554,26.45,89.91
2022-10-01,10.514824120602992,27.36,86.11
2022-10-02,11.835220125786153,27.3,86.75
2022-10-03,12.819119496855338,26.37,89.45
2022-10-04,3.789155107187895,27.34,85.5
2022-10-05,8.103535353535348,27.56,84.93
2022-10-06,6.307944514501881,27.12,86.56
2022-10-07,10.123677581863976,27.22,86.17
2022-10-08,3.350442477876105,27.53,84.59
2022-10-09,8.69848484848485,27.21,86.09
2022-10-10,7.512878787878777,26.58,85.7
2022-10-11,2.4672566371681435,26.6,82.32
2022-10-12,0.95448798988622,27.37,79.74
2022-10-13,1.8629582806573963,27.33,79.52
2022-10-14,4.391161616161612,26.98,79.54
2022-10-15,6.200252525252515,24.82,83.12
2022-10-16,3.786346396965866,24.27,84.16
2022-10-17,4.313054499366287,26.33,78.22
2022-10-18,3.692131979695432,26.12,76.59
2022-10-19,4.315335868187581,25.75,76.32
2022-10-20,2.7842839036755413,25.89,77.65
2022-10-21,4.40177664974619,26.6,80.45
2022-10-22,3.277215189873421,27.15,81.73
2022-10-23,1.852272727272731,27.54,79.58
2022-10-24,0.8182048040455117,27.68,78.6
2022-10-25,1.082619647355164,28.05,78.6
2022-10-26,3.155808080808081,28.1,80.29
2022-10-27,2.382871536523932,27.4,83.36
2022-10-28,3.771788413098234,27.42,80.75
2022-10-29,0.8378310214375789,26.93,77.39
2022-10-30,1.130138713745272,26.98,77.29
2022-10-31,1.5379571248423698,26.74,77.83
2022-11-01,1.9881163084702915,26.23,76.71
2022-11-02,0.5150442477876102,25.76,75.87
2022-11-03,2.2462893081761024,25.57,75.21
2022-11-04,3.3405269761606005,25.5,74.55
2022-11-05,4.343859649122807,25.46,77.61
2022-11-06,3.8432160804020095,25.88,78.47
2022-11-07,1.3494974874371863,26.12,77.71
2022-11-08,0.8557089084065248,26.07,76.23
2022-11-09,1.053884711779449,25.9,76.19
2022-11-10,5.137844611528821,26.14,77.26
2022-11-11,3.9742177722152663,26.51,78.21
2022-11-12,1.1269761606022588,27.01,77.47
2022-11-13,2.8977386934673404,27.13,78.8
2022-11-14,8.920251572327034,27.02,83.18
2022-11-15,5.34486215538847,27.47,82.94
2022-11-16,2.703136762860728,27.47,83.16
2022-11-17,4.793475533249682,27.72,82.28
2022-11-18,3.450753768844219,27.25,84.19
2022-11-19,1.3398742138364792,27.67,81.87
2022-11-20,2.0143216080402024,27.3,81.45
2022-11-21,1.1095477386934671,27.66,80.22
2022-11-22,3.2226130653266343,27.8,79.28
2022-11-23,8.326448362720402,26.97,82.57
2022-11-24,7.317632241813599,26.11,88.23
2022-11-25,6.762421185372,27.02,86.27
2022-11-26,3.298612862547286,26.98,86.25
2022-11-27,2.559848484848487,27.2,84.92
2022-11-28,1.4866161616161648,27.85,83.19
2022-11-29,1.5337531486146114,28.12,82.71
2022-11-30,2.4015132408575046,28.24,81.87
2022-12-01,6.361691542288551,27.09,83.35
2022-12-02,5.189565217391304,26.67,81.58
2022-12-03,4.680798004987532,26.13,80.91
2022-12-04,6.071339173967451,26.64,81.45
2022-12-05,2.5000000000000004,26.61,80.59
2022-12-06,1.7481942714819425,26.4,78.42
2022-12-07,1.1471980074719803,26.49,78.73
2022-12-08,8.571820448877803,26.2,80.37
2022-12-09,4.208966376089663,26.24,80.96
2022-12-10,1.6707196029776683,26.45,80.32
2022-12-11,1.371641791044776,26.0,79.53
2022-12-12,2.653366583541147,25.26,78.81
2022-12-13,0.8144818976279657,24.01,76.39
2022-12-14,0.8142499999999998,23.44,74.47
2022-12-15,0.8971285892634209,23.24,75.45
2022-12-16,1.0963795255930089,24.22,76.93
2022-12-17,9.889750000000005,24.37,76.68
2022-12-18,15.876,22.18,69.36
2022-12-19,2.194763092269327,21.25,70.62
2022-12-20,0.7349068322981368,22.34,74.39
2022-12-21,2.343532338308459,23.64,75.96
2022-12-22,0.1245330012453301,24.11,76.49
2022-12-23,0.0770573566084788,24.45,76.26
2022-12-24,0.088944099378882,23.95,75.05
2022-12-25,0.05625,23.24,74.83
2022-12-26,0.0538172715894869,23.08,75.45
2022-12-27,0.058072590738423,23.29,75.61
2022-12-28,0.0815558343789209,23.67,75.16
2022-12-29,0.0776942355889724,23.78,75.01
2022-12-30,0.0324594257178526,23.48,74.56
2022-12-31,0.0858926342072409,23.18,74.7
2023-01-01,0.0767123287671233,22.92,73.41
2023-01-02,0.1118012422360248,23.09,73.96
2023-01-03,0.508094645080946,24.39,74.05
2023-01-04,0.7528678304239406,25.01,74.46
2023-01-05,0.1633872976338729,24.88,74.43
2023-01-06,2.38129675810474,24.26,72.84
2023-01-07,6.463408521303257,23.39,70.08
2023-01-08,2.0660000000000007,23.71,72.23
2023-01-09,0.3185,25.25,72.78
2023-01-10,1.7678704856787066,25.49,77.35
2023-01-11,2.5157500000000037,24.86,82.7
2023-01-12,1.796264009962641,25.42,81.88
2023-01-13,1.2996254681647952,25.53,79.99
2023-01-14,0.3550251256281404,25.55,76.24
2023-01-15,0.0619824341279799,25.08,73.45
2023-01-16,0.0851063829787234,24.43,73.44
2023-01-17,0.1335839598997494,24.22,73.83
2023-01-18,0.5341677096370461,24.45,73.57
2023-01-19,0.4160401002506264,23.95,72.83
2023-01-20,2.46766917293233,23.76,73.4
2023-01-21,1.5392722710163116,23.79,72.73
2023-01-22,1.0369538077403249,24.01,72.3
2023-01-23,0.766042446941323,24.48,71.08
2023-01-24,0.6603254067584484,24.54,70.59
2023-01-25,6.128463476070527,22.79,69.55
2023-01-26,0.1294855708908407,23.35,71.82
2023-01-27,0.2939546599496221,23.97,72.15
2023-01-28,1.684316185696362,23.11,69.5
2023-01-29,1.1589486858573217,21.83,68.33
2023-01-30,1.0466916354556803,21.45,66.69
2023-01-31,0.1289111389236546,22.37,69.51
2023-02-01,0.1571964956195244,24.28,71.19
2023-02-02,2.5455223880597018,25.81,71.8
2023-02-03,4.61140024783147,26.08,77.15
2023-02-04,1.637918215613385,27.0,78.56
2023-02-05,0.9021170610211712,26.84,80.21
2023-02-06,0.5800995024875619,27.5,76.62
2023-02-07,0.4495641344956411,27.31,74.63
2023-02-08,0.2298879202988791,27.3,73.39
2023-02-09,0.2161691542288556,27.16,74.62
2023-02-10,0.5631840796019898,27.55,74.61
2023-02-11,0.0538461538461538,27.66,73.25
2023-02-12,0.0359801488833746,27.62,72.14
2023-02-13,0.1455445544554456,27.4,72.32
2023-02-14,0.7826732673267326,27.38,72.32
2023-02-15,2.045353159851303,25.78,76.26
2023-02-16,3.0356877323420077,25.88,73.12
2023-02-17,1.158612143742256,25.01,73.38
2023-02-18,0.3195544554455445,25.57,71.86
2023-02-19,0.2106435643564356,26.33,70.72
2023-02-20,0.854207920792079,26.2,70.12
2023-02-21,0.5764560099132587,26.26,71.09
2023-02-22,0.0640198511166253,26.27,70.17
2023-02-23,0.0612143742255266,26.39,69.83
2023-02-24,0.1544554455445544,26.88,67.81
2023-02-25,0.4784653465346533,26.07,66.71
2023-02-26,0.2423267326732673,24.89,64.45
2023-02-27,0.2086633663366336,24.14,65.19
2023-02-28,2.0824257425742587,24.82,67.63
2023-03-01,1.5229629629629635,25.95,68.33
2023-03-02,0.4440049443757724,26.45,67.28
2023-03-03,1.0511111111111118,25.94,67.53
2023-03-04,0.1060419235511714,25.76,68.22
2023-03-05,0.0637037037037037,25.75,68.75
2023-03-06,0.0490752157829839,25.87,69.52
2023-03-07,0.0693827160493827,26.47,69.45
2023-03-08,0.1178217821782178,27.22,69.47
2023-03-09,0.0856435643564356,27.32,70.91
2023-03-10,0.2962871287128713,27.54,71.28
2023-03-11,0.0409429280397022,27.83,73.56
2023-03-12,1.8313043478260875,28.01,73.57
2023-03-13,0.4926708074534157,26.02,74.87
2023-03-14,0.1672049689440994,26.45,71.18
2023-03-15,0.1762081784386616,27.35,70.98
2023-03-16,0.4944237918215612,27.85,72.31
2023-03-17,0.1895781637717121,28.46,72.07
2023-03-18,0.5084367245657567,28.95,71.52
2023-03-19,0.640148698884758,28.99,72.65
2023-03-20,0.2305210918114142,29.61,71.28
2023-03-21,0.2478314745972739,29.85,70.42
2023-03-22,0.3045848822800495,30.32,68.39
2023-03-23,0.5439205955334987,30.36,67.41
2023-03-24,0.1085714285714286,30.46,66.83
2023-03-25,0.1195031055900621,30.32,67.26
2023-03-26,0.0481987577639751,30.32,67.3
2023-03-27,0.3824474660074165,30.21,68.19
2023-03-28,1.2772277227722777,29.8,69.32
2023-03-29,1.457354758961682,29.27,71.25
2023-03-30,0.433127317676143,29.54,70.36
2023-03-31,0.7164807930607184,29.77,69.52
2023-04-01,0.3574257425742575,30.07,70.17
2023-04-02,1.6138957816377175,30.19,69.34
2023-04-03,0.8404466501240695,30.31,66.4
2023-04-04,0.4280397022332504,30.6,64.81
2023-04-05,1.708819875776398,30.31,64.38
2023-04-06,0.786318407960199,30.47,65.83
2023-04-07,0.9195516811955168,30.07,69.87
2023-04-08,0.7526054590570724,30.37,70.32
2023-04-09,0.2960297766749379,30.44,70.03
2023-04-10,0.1167701863354037,31.05,69.16
2023-04-11,0.0621890547263681,31.52,68.61
2023-04-12,0.1476961394769614,31.72,69.21
2023-04-13,0.198505603985056,31.73,69.17
2023-04-14,0.132587064676617,31.91,68.15
2023-04-15,0.4609452736318405,31.92,67.59
2023-04-16,0.2615193026151929,30.6,70.83
2023-04-17,0.0577833125778331,31.42,69.24
2023-04-18,0.3594527363184078,31.99,67.79
2023-04-19,0.5589999999999998,32.3,67.12
2023-04-20,0.6674157303370784,32.27,66.35
2023-04-21,1.0730913642052566,31.94,66.69
2023-04-22,1.909000000000001,31.41,67.5
2023-04-23,3.87225,30.91,69.08
2023-04-24,1.018022528160201,30.3,71.95
2023-04-25,2.0901126408010047,31.33,68.78
2023-04-26,2.065162907268172,28.94,75.76
2023-04-27,1.4065081351689612,29.93,73.79
2023-04-28,0.9526315789473696,30.97,71.34
2023-04-29,4.121499999999997,31.15,70.89
2023-04-30,2.9353383458646616,28.67,78.21
2023-05-01,1.5644555694618296,30.07,74.2
2023-05-02,4.53157894736842,30.23,74.7
2023-05-03,1.5301627033792262,30.78,73.91
2023-05-04,1.279949874686717,31.58,71.74
2023-05-05,1.4356783919598002,32.55,68.83
2023-05-06,1.1294117647058826,33.39,66.22
2023-05-07,1.286357947434293,33.62,65.63
2023-05-08,5.447989949748743,31.19,73.26
2023-05-09,8.803254067584476,30.41,75.32
2023-05-10,5.120200752823083,28.68,80.6
2023-05-11,2.7055137844611576,29.73,77.81
2023-05-12,7.711389236545679,28.94,80.96
2023-05-13,6.6350438047559415,29.09,81.01
2023-05-14,4.122613065326633,29.22,79.69
2023-05-15,3.676286072772899,29.09,79.72
2023-05-16,2.1819548872180508,29.93,75.57
2023-05-17,1.348872180451128,30.69,72.45
2023-05-18,1.317484276729561,31.34,70.02
2023-05-19,0.9138190954773868,31.61,68.82
2023-05-20,0.954192740926158,31.8,68.76
2023-05-21,1.7497487437185937,31.73,70.45
2023-05-22,2.0809045226130665,30.87,73.39
2023-05-23,2.41633165829146,30.18,75.54
2023-05-24,2.6915934755332493,30.2,75.98
2023-05-25,2.299123904881103,30.06,76.27
2023-05-26,2.7570351758794005,30.37,75.3
2023-05-27,4.38444165621079,30.65,74.71
2023-05-28,5.358291457286426,29.11,79.89
2023-05-29,4.3099621689785605,28.89,81.71
2023-05-30,3.1735516372795955,29.89,79.52
2023-05-31,2.5271122320302672,30.44,77.4
2023-06-01,1.4379874213836483,31.03,73.25
2023-06-02,1.6376262626262632,31.03,72.37
2023-06-03,3.7989937106918186,30.73,73.8
2023-06-04,4.7788679245282975,30.62,74.75
2023-06-05,6.294577553593946,29.33,79.12
2023-06-06,7.383123425692681,28.81,81.38
2023-06-07,7.462972292191429,28.54,82.82
2023-06-08,4.095608531994979,28.24,83.61
2023-06-09,3.5641154328732743,28.57,82.38
2023-06-10,5.805269761606016,28.47,82.25
2023-06-11,4.407808564231735,28.81,80.65
2023-06-12,2.3202515723270483,28.97,79.48
2023-06-13,2.8118387909319886,29.02,79.52
2023-06-14,2.062138364779877,28.91,79.93
2023-06-15,2.15994962216625,29.13,79.53
2023-06-16,4.018136020151134,29.56,79.06
2023-06-17,9.179345088161202,29.48,79.86
2023-06-18,4.904905660377353,28.33,82.42
2023-06-19,1.9848293299620747,28.94,80.05
2023-06-20,1.908333333333334,29.36,78.44
2023-06-21,2.4174242424242447,29.59,76.76
2023-06-22,1.3265822784810128,30.01,75.09
2023-06-23,2.3339218158890302,30.91,72.13
2023-06-24,4.2433795712484255,29.66,76.52
2023-06-25,5.563934426229503,28.98,79.14
2023-06-26,4.951446540880502,28.78,79.64
2023-06-27,4.143324937027707,29.12,79.32
2023-06-28,4.536100628930821,29.62,79.74
2023-06-29,3.3820933165195477,29.97,79.31
2023-06-30,5.087798742138364,29.11,82.16
2023-07-01,9.392722710163104,29.15,81.71
2023-07-02,7.577528089887628,29.14,81.56
2023-07-03,5.178776529338324,28.44,82.2
2023-07-04,3.5489414694894115,28.06,82.63
2023-07-05,0.8482587064676631,28.66,80.07
2023-07-06,1.2129032258064532,29.87,76.46
2023-07-07,3.196778190830233,30.74,75.27
2023-07-08,6.904218362282877,30.04,79.17
2023-07-09,5.905824039653026,28.57,83.23
2023-07-10,5.768434032059181,28.37,83.0
2023-07-11,3.945925925925924,28.83,81.35
2023-07-12,2.779038224414305,29.19,80.06
2023-07-13,4.31812577065351,29.87,77.18
2023-07-14,1.6209876543209902,29.76,76.46
2023-07-15,6.0754623921085,29.78,74.81
2023-07-16,4.848894348894344,29.11,77.49
2023-07-17,6.482944785276061,29.2,77.95
2023-07-18,8.561226993865025,29.19,77.69
2023-07-19,8.421323529411758,28.68,79.19
2023-07-20,6.126380368098154,28.8,80.07
2023-07-21,12.14864864864866,28.94,81.67
2023-07-22,9.380637254901965,29.0,82.36
2023-07-23,11.192638036809814,28.42,83.35
2023-07-24,9.379606879606872,28.42,82.85
2023-07-25,5.592883435582818,28.63,81.98
2023-07-26,3.024999999999997,29.4,79.21
2023-07-27,1.710403916768667,30.31,74.73
2023-07-28,4.549571603427175,29.79,75.98
2023-07-29,6.181349693251531,28.94,79.9
2023-07-30,9.6083435582822,28.4,82.46
2023-07-31,5.207852760736196,27.96,85.16
2023-08-01,9.861858190709036,28.26,84.83
2023-08-02,5.819070904645467,27.92,85.74
2023-08-03,5.5665036674816495,28.08,84.81
2023-08-04,5.527628361858187,28.06,83.85
2023-08-05,3.7034313725490176,28.02,83.32
2023-08-06,6.708200734394124,27.75,84.36
2023-08-07,5.744607843137253,27.4,85.64
2023-08-08,7.724969249692486,27.47,85.34
2023-08-09,3.731127450980389,27.97,83.57
2023-08-10,3.1680981595092006,29.09,79.2
2023-08-11,1.972024539877302,29.37,78.39
2023-08-12,4.137515375153752,29.03,79.68
2023-08-13,5.24766584766585,29.09,80.29
2023-08-14,9.822058823529405,28.85,81.21
2023-08-15,7.08325123152709,28.63,81.47
2023-08-16,4.70061652281134,28.44,81.6
2023-08-17,1.8178217821782223,29.03,79.53
2023-08-18,1.222002472187887,30.0,76.45
2023-08-19,2.7546239210850803,30.35,75.59
2023-08-20,6.90172839506173,29.37,79.8
2023-08-21,6.336633663366337,28.49,83.07
2023-08-22,6.2621454993834655,28.55,82.79
2023-08-23,5.987407407407399,28.72,81.39
2023-08-24,5.663288009888752,28.6,81.25
2023-08-25,3.793086419753083,28.72,80.72
2023-08-26,3.1715346534653444,28.58,81.01
2023-08-27,1.0726146220570023,29.0,78.51
2023-08-28,3.646039603960395,29.62,76.78
2023-08-29,6.973234200743491,28.66,80.76
2023-08-30,8.092441140024778,28.45,83.46
2023-08-31,8.64347826086956,28.3,84.49
2023-09-01,16.569192546583867,28.58,83.5
2023-09-02,7.218633540372661,28.64,83.28
2023-09-03,7.983312577833115,29.22,81.53
2023-09-04,12.050000000000006,28.78,83.09
2023-09-05,14.357409713574093,27.81,85.61
2023-09-06,7.044638403990018,27.68,86.39
2023-09-07,7.374595267745945,28.4,84.57
2023-09-08,7.4688198757763935,28.38,84.49
2023-09-09,9.420921544209197,28.39,84.21
2023-09-10,13.296379525593006,27.13,87.79
2023-09-11,4.712049689440994,27.62,85.53
2023-09-12,7.630062111801229,27.45,85.92
2023-09-13,6.873225404732245,27.46,85.97
2023-09-14,12.532503113325038,27.63,85.69
2023-09-15,15.7088418430884,27.09,87.6
2023-09-16,12.935242839352432,27.07,88.09
2023-09-17,12.429104477611936,27.3,87.68
2023-09-18,11.393500000000008,27.24,87.73
2023-09-19,2.9405742821473155,27.74,86.12
2023-09-20,4.19749687108886,28.88,83.0
2023-09-21,10.078347934918636,28.55,83.98
2023-09-22,4.38847117794486,28.27,84.52
2023-09-23,3.5338345864661656,28.93,82.88
2023-09-24,3.4162907268170453,28.91,82.67
2023-09-25,8.762406015037593,28.44,84.13
2023-09-26,16.679349186483115,26.89,88.7
2023-09-27,22.65470514429109,26.4,90.13
2023-09-28,15.631367628607284,26.64,89.66
2023-09-29,10.026097867001251,27.17,87.86
2023-09-30,2.526223337515685,27.74,85.62
2023-10-01,4.531155778894472,28.82,82.8
2023-10-02,4.9051572327044,28.7,83.61
2023-10-03,7.886792452830178,28.65,83.92
2023-10-04,7.177078085642309,28.55,84.91
2023-10-05,9.654981084489275,28.45,85.61
2023-10-06,11.74759493670884,27.8,87.58
2023-10-07,13.043489254108724,27.39,87.97
2023-10-08,14.039340101522845,27.16,87.99
2023-10-09,8.24351145038167,27.25,86.8
2023-10-10,6.235069885641668,27.24,86.64
2023-10-11,5.562991128010137,27.77,84.94
2023-10-12,4.402284263959395,28.09,84.31
2023-10-13,5.150318471337576,28.32,83.34
2023-10-14,5.407643312101907,28.4,82.72
2023-10-15,6.895806861499359,28.22,83.26
2023-10-16,3.999490445859871,27.89,82.83
2023-10-17,2.9834605597964376,28.07,81.64
2023-10-18,5.359642401021711,28.3,81.8
2023-10-19,2.2567049808429145,28.38,82.54
2023-10-20,6.597956577266924,28.8,81.55
2023-10-21,7.440357598978288,27.39,84.46
2023-10-22,6.082458386683731,27.42,83.5
2023-10-23,1.2946291560102308,27.83,82.26
2023-10-24,2.624552429667522,28.33,81.65
2023-10-25,2.6657289002557536,28.06,83.04
2023-10-26,6.546547314577995,27.97,84.62
2023-10-27,7.643790012804086,28.11,84.61
2023-10-28,5.556722151088345,27.96,84.88
2023-10-29,5.2421994884910506,27.49,85.92
2023-10-30,12.155867346938772,26.81,87.48
2023-10-31,2.8678571428571407,26.85,85.19
2023-11-01,3.918822023047376,27.3,82.2
2023-11-02,2.135979513444304,27.65,81.52
2023-11-03,1.0279487179487177,28.41,81.18
2023-11-04,2.688061617458281,28.36,82.76
2023-11-05,1.87365728900256,28.32,83.2
2023-11-06,2.8596446700507627,28.77,81.65
2023-11-07,3.317721518987341,28.16,83.22
2023-11-08,2.8202531645569624,28.42,82.4
2023-11-09,2.6621827411167542,27.98,84.15
2023-11-10,3.726142131979697,28.16,84.13
2023-11-11,5.921365360303414,27.86,85.11
2023-11-12,2.9939317319848318,27.7,84.46
2023-11-13,3.9977272727272712,27.86,82.93
2023-11-14,2.5061068702290084,27.65,80.7
2023-11-15,2.7185750636132324,27.35,80.69
2023-11-16,5.260152284263963,27.11,81.32
2023-11-17,5.951269035532992,25.27,75.29
2023-11-18,2.6812182741116755,24.38,72.83
2023-11-19,1.7891001267427125,24.19,74.42
2023-11-20,1.17746835443038,24.48,75.83
2023-11-21,3.078734177215189,25.01,77.17
2023-11-22,1.9908860759493687,25.42,78.74
2023-11-23,1.1587341772151902,25.85,78.88
2023-11-24,1.8340533672172812,26.07,77.8
2023-11-25,8.395153061224491,25.84,76.93
2023-11-26,5.990025575447565,26.03,78.23
2023-11-27,5.082714468629957,26.06,77.98
2023-11-28,1.5126436781609207,25.38,76.3
2023-11-29,6.922349936143037,25.24,77.48
2023-11-30,1.0936386768447837,26.55,78.32
2023-12-01,6.16154721274175,26.87,79.9
2023-12-02,3.225740318906606,26.93,80.18
2023-12-03,3.05502283105023,26.81,80.4
2023-12-04,1.5609142857142873,26.95,80.3
2023-12-05,1.4307339449541292,27.23,80.38
2023-12-06,2.0456100342075274,27.82,79.11
2023-12-07,1.6570125427594071,26.62,79.64
2023-12-08,0.3635949943117174,26.56,79.25
2023-12-09,0.344027303754266,27.28,79.41
2023-12-10,0.5026166097838451,27.76,79.28
2023-12-11,0.4511415525114151,27.94,79.6
2023-12-12,0.4556064073226543,27.78,78.94
2023-12-13,6.041237113402063,26.89,79.32
2023-12-14,3.205510907003443,26.87,78.93
2023-12-15,2.991780821917806,27.01,79.12
2023-12-16,0.3977194982896233,27.25,77.4
2023-12-17,0.4761467889908256,26.79,76.38
2023-12-18,0.4630733944954125,26.4,75.61
2023-12-19,1.1474167623421354,26.45,77.07
2023-12-20,0.4004608294930875,26.08,75.59
2023-12-21,0.9263521288837746,24.89,73.61
2023-12-22,0.8857471264367819,22.88,70.49
2023-12-23,3.611940298507461,21.73,69.74
2023-12-24,10.046490218642116,21.94,70.91
2023-12-25,2.383777520278102,22.57,69.44
2023-12-26,0.3538638985005766,23.4,71.77
2023-12-27,0.3455172413793101,24.43,73.94
2023-12-28,1.0068728522336774,24.91,75.25
2023-12-29,1.8770114942528744,25.39,75.49
2023-12-30,0.817972350230415,25.65,76.43
2023-12-31,0.212226066897347,26.02,76.25
2024-01-01,0.210996563573883,26.07,76.02
2024-01-02,0.0661290322580645,26.09,75.0
2024-01-03,0.2747986191024165,25.99,73.8
2024-01-04,0.3319540229885055,25.73,74.16
2024-01-05,0.1890034364261167,25.59,74.6
2024-01-06,1.2421173762945918,25.75,74.5
2024-01-07,1.4520642201834864,25.81,75.5
2024-01-08,0.2378440366972475,26.25,75.6
2024-01-09,0.5379310344827586,26.5,76.16
2024-01-10,0.1210103329506315,26.79,75.73
2024-01-11,0.0742528735632184,27.01,75.93
2024-01-12,0.2723112128146452,26.83,76.72
2024-01-13,1.5681922196796356,26.61,76.56
2024-01-14,0.2148741418764302,26.21,76.11
2024-01-15,1.0061784897025174,26.09,74.68
2024-01-16,0.5633027522935774,25.98,74.35
2024-01-17,0.2399082568807339,25.79,74.17
2024-01-18,0.3260022909507443,25.97,74.52
2024-01-19,0.2705346985210464,26.24,73.0
2024-01-20,0.1849486887115165,26.18,72.0
2024-01-21,0.2567198177676537,25.97,71.59
2024-01-22,2.1099428571428573,25.42,72.62
2024-01-23,1.4567505720823808,24.63,73.09
2024-01-24,3.132571428571429,24.16,71.03
2024-01-25,3.3993127147766318,23.48,74.51
2024-01-26,1.138901601830664,24.12,75.08
2024-01-27,0.4824601366742593,25.19,74.78
2024-01-28,1.8872437357630996,25.16,75.86
2024-01-29,0.6107305936073055,25.1,76.52
2024-01-30,0.3766590389016013,25.33,78.25
2024-01-31,0.1303550973654067,26.39,76.29
2024-02-01,0.1748283752860411,26.75,74.59
2024-02-02,0.1080091533180778,27.22,73.45
2024-02-03,0.4245131729667811,27.39,73.78
2024-02-04,0.1464082098061574,27.36,72.6
2024-02-05,0.2659817351598172,27.11,70.4
2024-02-06,0.3904328018223232,27.01,70.21
2024-02-07,0.099885452462772,27.09,70.43
2024-02-08,0.082837528604119,27.25,71.62
2024-02-09,0.2749999999999998,27.19,74.08
2024-02-10,0.4316151202749138,26.2,72.79
2024-02-11,0.9242562929061786,25.41,68.13
2024-02-12,0.3876146788990824,25.31,69.6
2024-02-13,0.3142857142857143,25.88,69.92
2024-02-14,0.2563283922462941,26.38,69.85
2024-02-15,0.0843428571428571,27.23,68.87
2024-02-16,0.2843069873997709,27.38,70.55
2024-02-17,0.6192439862542956,27.51,72.05
2024-02-18,0.2900343642611683,27.82,72.6
2024-02-19,0.2403207331042383,28.3,71.55
2024-02-20,0.3286041189931348,28.74,70.78
2024-02-21,0.1453089244851259,28.61,69.85
2024-02-22,0.2276255707762556,28.68,70.26
2024-02-23,0.1641552511415525,28.95,70.63
2024-02-24,0.0816,28.9,70.21
2024-02-25,0.1764571428571429,28.83,69.96
2024-02-26,0.0814220183486238,28.74,70.38
2024-02-27,0.2162100456621005,28.81,70.49
2024-02-28,0.3760820045558086,29.04,70.17
2024-02-29,0.243835616438356,29.3,69.63
2024-03-01,0.463001145475372,28.73,70.49
2024-03-02,0.9753739930955124,28.15,70.83
2024-03-03,0.5995402298850568,28.5,70.95
2024-03-04,0.3482163406214039,29.36,69.49
2024-03-05,0.0418013856812933,29.59,66.54
2024-03-06,0.045993031358885,29.31,66.7
2024-03-07,0.0764774044032445,29.56,67.86
2024-03-08,0.6358796296296297,29.24,70.37
2024-03-09,1.0405561993047512,28.76,73.2
2024-03-10,0.4658169177288526,29.25,71.4
2024-03-11,1.027546296296297,28.94,71.7
2024-03-12,2.150289017341042,28.69,72.03
2024-03-13,0.458986175115207,29.14,70.19
2024-03-14,0.2296892980437282,29.31,67.9
2024-03-15,0.9242807825086308,29.37,68.19
2024-03-16,0.3245109321058687,29.24,70.68
2024-03-17,0.1630911188004613,29.99,69.51
2024-03-18,0.5154113557358052,30.21,68.95
2024-03-19,8.31787773933102,28.91,73.44
2024-03-20,1.286143187066976,26.7,78.0
2024-03-21,0.4990783410138248,27.94,72.84
2024-03-22,0.9760644418872272,29.05,72.26
2024-03-23,0.6426267281105986,29.69,70.58
2024-03-24,0.3081703107019561,29.87,69.05
2024-03-25,0.4863060989643266,29.93,67.95
2024-03-26,3.524454649827785,29.55,70.57
2024-03-27,0.3793103448275859,29.64,72.36
2024-03-28,1.03475258918297,30.01,71.84
2024-03-29,1.6501726121979292,30.12,71.23
2024-03-30,1.5281933256616818,30.34,70.82
2024-03-31,0.7564516129032257,31.13,66.7
2024-04-01,0.5841196777905636,31.25,65.05
2024-04-02,0.2152424942263279,31.51,65.33
2024-04-03,0.1274826789838337,31.61,66.7
2024-04-04,0.1930795847750864,31.85,67.43
2024-04-05,0.0293302540415704,31.93,67.81
2024-04-06,0.0523644752018454,32.06,68.29
2024-04-07,0.210161662817552,32.14,68.78
2024-04-08,0.3058959537572255,32.47,67.56
2024-04-09,2.0122401847575064,31.76,69.28
2024-04-10,1.8465974625144188,29.92,73.55
2024-04-11,0.3657407407407407,31.1,70.23
2024-04-12,0.978752886836028,31.48,69.34
2024-04-13,0.5856812933025404,31.68,68.75
2024-04-14,0.6204413472706152,31.68,68.62
2024-04-15,0.6764774044032446,31.65,68.45
2024-04-16,0.6097334878331404,31.58,68.56
2024-04-17,0.4510440835266819,31.92,67.06
2024-04-18,0.8275782155272302,32.16,65.51
2024-04-19,1.7035921205098503,31.7,67.52
2024-04-20,1.8343387470997692,32.02,66.66
2024-04-21,0.7622247972190033,32.46,64.83
2024-04-22,0.508246225319396,32.8,64.53
2024-04-23,0.3694994179278227,32.89,65.93
2024-04-24,0.591142191142191,32.77,66.61
2024-04-25,0.4265424912689171,32.95,65.18
2024-04-26,0.438799076212471,33.5,63.07
2024-04-27,0.1581502890173411,33.31,62.15
2024-04-28,1.0496535796766744,33.39,62.88
2024-04-29,0.2627450980392155,33.57,62.76
2024-04-30,0.2108670520231213,33.65,62.07
2024-05-01,0.5042675893886965,33.67,62.26
2024-05-02,1.2487861271676306,33.49,63.93
2024-05-03,2.658198614318706,32.56,67.09
2024-05-04,1.1620809248554922,31.68,69.63
2024-05-05,1.9656286043829312,32.15,68.17
2024-05-06,5.055722543352599,31.75,69.23
2024-05-07,6.615277777777776,29.19,77.62
2024-05-08,1.894212962962964,30.38,73.44
2024-05-09,4.222041763341064,30.49,73.45
2024-05-10,8.618497109826583,29.68,77.39
2024-05-11,4.110057803468205,29.31,79.72
2024-05-12,1.7292485549132963,30.71,75.22
2024-05-13,10.385863267670914,29.8,77.82
2024-05-14,1.3837398373983762,30.23,76.94
2024-05-15,1.8846867749419969,31.29,75.15
2024-05-16,4.91425260718424,30.55,78.27
2024-05-17,5.135796766743639,29.73,81.07
2024-05-18,2.883796296296296,30.32,79.34
2024-05-19,5.20092592592592,30.57,78.65
2024-05-20,10.3199074074074,30.27,78.87
2024-05-21,12.435705950991832,28.04,85.17
2024-05-22,8.932400932400906,28.97,82.64
2024-05-23,9.30162790697673,27.98,86.53
2024-05-24,6.324186046511622,28.39,85.75
2024-05-25,3.756097560975606,28.99,84.62
2024-05-26,2.4433874709976826,29.85,81.37
2024-05-27,2.3130938586326804,30.13,79.53
2024-05-28,0.6999999999999998,30.37,78.09
2024-05-29,3.160511033681764,30.58,78.57
2024-05-30,5.41046511627906,30.52,79.29
2024-05-31,5.861305361305355,29.48,82.32
2024-06-01,7.933410942956917,28.64,84.69
2024-06-02,3.606315789473683,29.06,82.47
2024-06-03,1.380607476635517,29.49,79.55
2024-06-04,2.4797660818713463,30.23,77.52
2024-06-05,3.345263157894736,29.89,78.46
2024-06-06,1.4042056074766376,29.83,77.62
2024-06-07,2.5239436619718343,29.79,78.09
2024-06-08,3.207058823529413,29.74,78.49
2024-06-09,5.229342723004692,29.43,79.49
2024-06-10,7.237983587338805,28.5,83.35
2024-06-11,4.584994138335286,28.69,82.65
2024-06-12,1.4562719812426743,29.36,79.2
2024-06-13,0.4500584795321632,30.03,76.83
2024-06-14,1.391121495327104,30.37,76.9
2024-06-15,0.8173099415204682,30.34,77.07
2024-06-16,3.3406993006993004,30.22,77.66
2024-06-17,3.398358733880422,29.31,80.09
2024-06-18,2.5667057444314207,29.74,77.78
2024-06-19,2.572567409144197,29.89,76.69
2024-06-20,2.180093676814991,30.34,75.49
2024-06-21,2.730444964871195,30.05,77.56
2024-06-22,11.11434034416825,30.19,78.35
2024-06-23,10.117241379310336,28.33,84.3
2024-06-24,6.075413711583923,28.37,83.96
2024-06-25,9.84970553592461,28.04,85.24
2024-06-26,5.577385159010596,27.88,85.85
2024-06-27,4.647294117647055,28.49,84.33
2024-06-28,5.67268464243845,29.48,81.58
2024-06-29,0.3386982248520704,26.4,91.09
2024-06-30,4.645207100591713,30.73,78.56
2024-07-01,,28.25,83.3
2024-07-02,2.15123859191656,29.04,80.17
2024-07-03,3.676140808344193,29.06,80.23
2024-07-04,6.895697522816165,28.04,84.53
2024-07-05,4.1488917861799175,27.88,84.24
2024-07-06,2.859452411994788,29.09,80.83
2024-07-07,3.6078226857887863,28.71,82.92
2024-07-08,4.495958279009123,28.65,83.02
2024-07-09,4.424250325945236,28.56,83.14
2024-07-10,8.170534550195558,28.19,84.6
2024-07-11,6.091786179921765,28.08,83.85
2024-07-12,5.10664928292046,28.08,83.54
2024-07-13,2.424771838331162,28.73,81.3
2024-07-14,4.795567144719683,28.65,81.6
2024-07-15,9.004172099087334,27.66,85.65
2024-07-16,11.206779661016942,27.51,87.09
2024-07-17,8.9986962190352,27.69,86.78
2024-07-18,6.903259452411983,27.7,86.81
2024-07-19,5.489700130378092,28.1,85.64
2024-07-20,5.732464146023462,28.15,85.48
2024-07-21,4.390352020860491,28.49,84.52
2024-07-22,2.206258148631031,28.46,83.6
2024-07-23,3.560104302477177,28.59,82.18
2024-07-24,2.46492829204694,28.35,81.94
2024-07-25,2.9488917861799213,28.46,81.68
2024-07-26,3.4422425032594504,28.41,83.62
2024-07-27,8.442242503259447,28.63,83.58
2024-07-28,8.594784876140801,27.63,86.22
2024-07-29,9.791655801825287,27.17,86.73
2024-07-30,5.993481095176013,27.25,
2024-07-31,6.03780964797914,27.07,88.34
2024-08-01,8.871447196870916,27.13,88.31
2024-08-02,3.868578878748368,27.36,87.27
2024-08-03,9.073794002607556,27.63,86.69
2024-08-04,5.952020860495431,27.67,84.57
2024-08-05,5.223728813559316,28.31,82.5
2024-08-06,4.315775749674053,28.49,82.86
2024-08-07,5.136375488917858,28.48,82.93
2024-08-08,1.070925684485007,29.1,81.15
2024-08-09,4.443807040417211,29.65,79.96
2024-08-10,2.555410691003913,30.04,78.88
2024-08-11,6.616688396349405,29.68,80.06
2024-08-12,5.614863102998693,27.85,85.09
2024-08-13,3.792438070404168,28.67,82.76
2024-08-14,3.5632333767927,28.94,82.29
2024-08-15,3.2046936114732736,,81.43
2024-08-16,7.449022164276399,29.19,82.44
2024-08-17,5.6657105606258025,28.37,84.88
2024-08-18,5.103259452411989,29.15,83.04
2024-08-19,7.39895697522816,28.81,83.86
2024-08-20,7.069621903520188,27.97,85.12
2024-08-21,4.481616688396343,27.88,84.71
2024-08-22,7.527770534550191,29.02,81.73
2024-08-23,3.797131681877442,28.09,84.49
2024-08-24,7.277705345501945,28.29,83.42
2024-08-25,3.511082138200779,27.96,83.4
2024-08-26,6.3504563233376725,28.4,82.42
2024-08-27,13.502477183833149,27.63,85.37
2024-08-28,7.364797913950447,27.63,85.09
2024-08-29,4.085267275097781,27.84,84.6
2024-08-30,2.708474576271189,28.63,81.33
2024-08-31,3.4980443285528,28.45,81.99
2024-09-01,7.874315514993485,28.74,82.0
2024-09-02,8.569230769230753,27.99,85.43
2024-09-03,6.558539765319424,28.11,84.65
2024-09-04,3.426857887874836,28.48,82.94
2024-09-05,3.603911342894393,28.51,82.27
2024-09-06,6.74915254237288,28.49,82.51
2024-09-07,2.887874837027377,28.52,81.28
2024-09-08,3.63624511082138,28.4,81.54
2024-09-09,4.032855280312908,28.03,83.22
2024-09-10,8.676140808344197,27.89,84.44
2024-09-11,9.881095176010424,27.72,
2024-09-12,7.269100391134276,27.89,84.38
2024-09-13,11.986440677966096,28.01,84.3
2024-09-14,10.48031290743154,27.31,85.92
2024-09-15,9.273011734028676,27.68,84.61
2024-09-16,7.793481095176004,28.1,83.51
2024-09-17,10.313689700130384,28.11,84.02
2024-09-18,8.828683181225545,27.29,86.47
2024-09-19,11.48422425032594,27.99,84.44
2024-09-20,13.140026075619293,26.6,87.95
2024-09-21,10.542894393741843,27.33,87.03
2024-09-22,,27.18,87.94
2024-09-23,11.291786179921765,26.84,88.15
2024-09-24,14.497522816166889,26.33,89.04
2024-09-25,3.124902216427637,26.59,87.13
2024-09-26,4.183572359843542,28.12,83.2
2024-09-27,3.7389830508474566,28.71,82.41
2024-09-28,2.584615384615388,29.13,81.71
2024-09-29,2.3353324641460254,29.38,81.59
2024-09-30,9.590352020860502,28.59,83.76
2024-10-01,11.870143415906115,27.95,84.7
2024-10-02,13.235723598435468,27.57,85.24
2024-10-03,8.34758800521511,27.24,84.53
2024-10-04,6.414602346805739,27.36,82.59
2024-10-05,5.497262059973922,27.49,81.58
2024-10-06,3.0842242503259447,27.68,80.56
2024-10-07,2.9530638852672757,28.27,78.91
2024-10-08,4.596088657105606,28.15,80.39
2024-10-09,3.781486310299868,27.97,81.09
2024-10-10,4.074837027379402,27.85,80.96
2024-10-11,4.856062581486311,27.87,81.13
2024-10-12,6.052933507170792,28.04,81.87
2024-10-13,3.192959582790094,28.08,82.57
2024-10-14,2.7014341590612805,28.59,80.81
2024-10-15,4.339504563233368,28.4,81.44
2024-10-16,3.0033898305084743,28.3,82.14
2024-10-17,4.147588005215123,28.05,83.3
2024-10-18,8.589830508474575,27.66,84.56
2024-10-19,10.16662320730117,27.22,85.46
2024-10-20,4.896479791395042,27.5,84.07
2024-10-21,1.9973924380704065,27.75,82.7
2024-10-22,3.444589308996089,28.3,79.84
2024-10-23,0.9723598435462854,27.79,80.56
2024-10-24,1.764797913950458,27.45,80.54
2024-10-25,1.4219035202086054,27.82,79.71
2024-10-26,2.678748370273795,28.12,79.81
2024-10-27,6.586440677966101,27.58,83.0
2024-10-28,1.7199478487614095,27.38,80.01
2024-10-29,2.5423728813559348,27.61,79.4
2024-10-30,2.1329856584093885,27.51,80.75
2024-10-31,1.35645371577575,27.99,80.03
